boundary_mode,ci95_high,ci95_low,horizon,layer,mean,metric,model,n_problems
natural,1.035926655853943,1.0333758376677173,0,-1,1.0346540655655776,layer_smoothness,base,492
natural,1.4903107577618646,1.46753074862101,1,4,1.4789430136608201,cos_score,base,492
natural,3.0583565585933132,2.887512547753603,1,4,2.9740919698570885,normalized_mse,base,492
natural,6.4574457224538335,6.176131339818908,2,4,6.319485825585294,normalized_mse,base,492
natural,13.682079896302753,13.016401812168782,3,4,13.35050862797856,normalized_mse,base,486
natural,33.926933346319885,32.34164421822735,5,4,33.143162500056015,normalized_mse,base,466
natural,0.8281356250974674,0.8185578426128652,1,4,0.8233552463296463,perp_score,base,492
natural,1.4863525476885795,1.471922758150444,1,8,1.4792009330217821,cos_score,base,492
natural,3.3950938747924484,3.2795276751857396,1,8,3.3380446311020324,normalized_mse,base,492
natural,7.7782901571036795,7.571644412492163,2,8,7.677521221066777,normalized_mse,base,492
natural,15.809188450684093,15.339665387617476,3,8,15.575267868963849,normalized_mse,base,486
natural,39.07429865155667,37.93956229962627,5,8,38.51823780906439,normalized_mse,base,466
natural,0.841322799741325,0.8356988980337839,1,8,0.8385441199482497,perp_score,base,492
natural,1.480403839987115,1.467752693598804,1,12,1.4741204102234762,cos_score,base,492
natural,3.399449042615743,3.3031302857125806,1,12,3.351785867597469,normalized_mse,base,492
natural,7.899813580241752,7.73317543670426,2,12,7.817131199544589,normalized_mse,base,492
natural,15.838690236572974,15.467714429816027,3,12,15.652265362776413,normalized_mse,base,486
natural,38.924340330423206,38.00147602191519,5,12,38.467041842171234,normalized_mse,base,466
natural,0.8421354998247037,0.8372265662262608,1,12,0.83970825812537,perp_score,base,492
natural,1.474098592225326,1.4593798557820912,1,16,1.4667889307857835,cos_score,base,492
natural,2.8995891452199696,2.811139371503189,1,16,2.8554969476873833,normalized_mse,base,492
natural,6.761341805846114,6.61079090301776,2,16,6.6863079314214,normalized_mse,base,492
natural,13.824473651283991,13.486064591133513,3,16,13.651867586697344,normalized_mse,base,486
natural,34.51607495301669,33.629625574956634,5,16,34.076816473358484,normalized_mse,base,466
natural,0.8344898957683881,0.8282330682133208,1,16,0.831405204157835,perp_score,base,492
natural,1.4773593960936353,1.4579547070920365,1,20,1.4677506702984904,cos_score,base,492
natural,2.5614830580643213,2.4590548109119776,1,20,2.510806376273363,normalized_mse,base,492
natural,5.816504139509844,5.650056100809692,2,20,5.73384577895409,normalized_mse,base,492
natural,12.220630326275765,11.832825285658021,3,20,12.022184933683134,normalized_mse,base,486
natural,30.854966173493633,29.83925695558756,5,20,30.354093902904914,normalized_mse,base,466
natural,0.8290354952454658,0.8209320287099263,1,20,0.8250113756562018,perp_score,base,492
natural,1.4788412151569914,1.4577547951331815,1,24,1.4684016837524254,cos_score,base,492
natural,2.174353651655489,2.078369511576826,1,24,2.127033370405751,normalized_mse,base,492
natural,4.903293898480643,4.7462767889062585,2,24,4.824424097585808,normalized_mse,base,492
natural,10.438804859104357,10.054984872824955,3,24,10.241825457792885,normalized_mse,base,486
natural,26.59964151255323,25.566870853219665,5,24,26.0913446016944,normalized_mse,base,466
natural,0.826727164403627,0.8180280106343398,1,24,0.8224226773280572,perp_score,base,492
natural,1.4685502278294178,1.4469737033776076,1,28,1.457825939616591,cos_score,base,492
natural,1.9519167183806312,1.867572163936197,1,28,1.9103785727622433,normalized_mse,base,492
natural,4.384582635590237,4.245615884227212,2,28,4.314693597127013,normalized_mse,base,492
natural,9.223610776969517,8.896177808675816,3,28,9.056148363131678,normalized_mse,base,486
natural,23.34458432782182,22.47036489322343,5,28,22.910354897371505,normalized_mse,base,466
natural,0.8247334601442395,0.8159306163090404,1,28,0.820356612189879,perp_score,base,492
natural,1.4587783724174948,1.436783231018197,1,32,1.4477938880700598,cos_score,base,492
natural,1.6460475778436168,1.5785674514105061,1,32,1.6124564033782482,normalized_mse,base,492
natural,3.739347998318753,3.5946580384214366,2,32,3.6665288725756855,normalized_mse,base,492
natural,7.727832785560468,7.419381565611703,3,32,7.570596939186148,normalized_mse,base,486
natural,19.416240205803163,18.60187787192944,5,32,19.00509128963782,normalized_mse,base,466
natural,0.8217358411046964,0.8127878255020213,1,32,0.8172697750154293,perp_score,base,492
literal,1.0218224658269728,1.0158345073639357,0,-1,1.0188497362921474,layer_smoothness,dpo,100
literal,1.4021146061761913,1.3398456235367733,1,4,1.3707069956885995,cos_score,dpo,100
literal,0.3827330162914231,0.3430296389757053,1,4,0.3630810666094184,normalized_mse,dpo,100
literal,0.9159288719540104,0.8166704992938097,2,4,0.8655600758333775,normalized_mse,dpo,100
literal,1.9432797681569807,1.7373630782860254,3,4,1.840105774778719,normalized_mse,dpo,98
literal,5.154935417729407,4.574314604184228,5,4,4.861350394790817,normalized_mse,dpo,94
literal,0.7948871370464742,0.7721259273541667,1,4,0.783538716681719,perp_score,dpo,100
literal,1.392648439093055,1.334581355727279,1,8,1.362853072199024,cos_score,dpo,100
literal,0.9417092645719254,0.8478881888923191,1,8,0.894653562659466,normalized_mse,dpo,100
literal,2.3807413772346044,2.1206073313761005,2,8,2.243269197339088,normalized_mse,dpo,100
literal,5.198262763692372,4.644803201812894,3,8,4.918594001253719,normalized_mse,dpo,98
literal,14.661792841195942,12.793440525817433,5,8,13.708115966580767,normalized_mse,dpo,94
literal,0.7884083701428185,0.7646767496651212,1,8,0.7764559920696676,perp_score,dpo,100
literal,1.3625496872951415,1.3076985515406185,1,12,1.3341884978642529,cos_score,dpo,100
literal,1.2754932918399522,1.122371269615446,1,12,1.1975871700550704,normalized_mse,dpo,100
literal,3.053373997456583,2.7627189520220363,2,12,2.9061225769095644,normalized_mse,dpo,100
literal,6.520695819385049,5.867598203368645,3,12,6.190412125107547,normalized_mse,dpo,98
literal,17.045195065005775,15.268686406509929,5,12,16.154173206165495,normalized_mse,dpo,94
literal,0.7915000128382491,0.7697083926294118,1,12,0.7804962726939365,perp_score,dpo,100
literal,1.3920051099705193,1.3522338195091141,1,16,1.371453932093614,cos_score,dpo,100
literal,1.9044464386836104,1.7324377194808862,1,16,1.8186801274292668,normalized_mse,dpo,100
literal,4.787462772226964,4.371375642818451,2,16,4.572977917743162,normalized_mse,dpo,100
literal,9.724748237320549,8.864999815748424,3,16,9.289897708151942,normalized_mse,dpo,98
literal,23.971549322986736,21.64079408957218,5,16,22.790767255625386,normalized_mse,dpo,94
literal,0.8038631337190162,0.7887226651284988,1,16,0.7961804321692033,perp_score,dpo,100
literal,1.404109632832677,1.3639336380166875,1,20,1.3833627574050467,cos_score,dpo,100
literal,1.9476726654425645,1.7659444512161049,1,20,1.856313916141196,normalized_mse,dpo,100
literal,4.926337273498493,4.448073211959474,2,20,4.6763420840558645,normalized_mse,dpo,100
literal,9.963575682166093,9.01090567296415,3,20,9.47891283063698,normalized_mse,dpo,98
literal,24.31183912516608,21.9758418561966,5,20,23.139623924276172,normalized_mse,dpo,94
literal,0.805178195367533,0.7901441605592617,1,20,0.7975607017959632,perp_score,dpo,100
literal,1.4197140137931943,1.3789055126519378,1,24,1.398617057903227,cos_score,dpo,100
literal,1.8450716239127714,1.6547780938490066,1,24,1.7491755460998453,normalized_mse,dpo,100
literal,4.56602423179247,4.090164486368714,2,24,4.317164065870187,normalized_mse,dpo,100
literal,9.26515203995102,8.29365656987009,3,24,8.767830187910539,normalized_mse,dpo,98
literal,22.59951813912589,20.21558596857143,5,24,21.404432507410377,normalized_mse,dpo,94
literal,0.8117437908388296,0.7969704606181314,1,24,0.8041314547717404,perp_score,dpo,100
literal,1.4232161910100867,1.380220745072168,1,28,1.4009927588481756,cos_score,dpo,100
literal,1.6418449939242614,1.4644913635842767,1,28,1.5527143851666272,normalized_mse,dpo,100
literal,3.9750582920330335,3.567262406382885,2,28,3.762890962498976,normalized_mse,dpo,100
literal,8.074706393527244,7.224325170413086,3,28,7.647667637859355,normalized_mse,dpo,98
literal,19.80881725155826,17.65602019384262,5,28,18.727249014344533,normalized_mse,dpo,94
literal,0.8150474170232647,0.799817069004854,1,28,0.8072020651375686,perp_score,dpo,100
literal,1.4103879032443087,1.368951383472364,1,32,1.3891790435254432,cos_score,dpo,100
literal,1.9065889066750237,1.709424790873296,1,32,1.8079061937356382,normalized_mse,dpo,100
literal,4.607726236361428,4.16422894599625,2,32,4.383796465186076,normalized_mse,dpo,100
literal,9.172152676394603,8.267730636990287,3,32,8.718995735873975,normalized_mse,dpo,98
literal,22.040366592081533,19.651324600815396,5,32,20.833189479251146,normalized_mse,dpo,94
literal,0.8149224285340086,0.8006911176005379,1,32,0.807651202741043,perp_score,dpo,100
natural,1.0432959371607002,1.040647574905081,0,-1,1.0419802959933413,layer_smoothness,dpo,492
natural,1.4919427239615293,1.4692796220150885,1,4,1.4806092656578633,cos_score,dpo,492
natural,2.8377657996001306,2.678588357890982,1,4,2.7590156242688093,normalized_mse,dpo,492
natural,6.008280252884979,5.744992922957477,2,4,5.879009972343665,normalized_mse,dpo,492
natural,12.726780574479713,12.11278658204545,3,4,12.41881724648435,normalized_mse,dpo,486
natural,31.61031135410037,30.12254356309867,5,4,30.869739173434922,normalized_mse,dpo,466
natural,0.8288245505467383,0.8193101958521893,1,4,0.8240679266457225,perp_score,dpo,492
natural,1.481342884733882,1.4667340710255268,1,8,1.4741177954196385,cos_score,dpo,492
natural,3.409123541886251,3.2953469813724623,1,8,3.352245349520862,normalized_mse,dpo,492
natural,7.8549238734210185,7.656790711303478,2,8,7.757111339406154,normalized_mse,dpo,492
natural,15.953238867255592,15.503800427960021,3,8,15.72694683794471,normalized_mse,dpo,486
natural,39.4398172538401,38.30929721067639,5,8,38.88021576172835,normalized_mse,dpo,466
natural,0.8381479834162183,0.8324481139259516,1,8,0.835339985035673,perp_score,dpo,492
natural,1.471966664512653,1.4594158989308588,1,12,1.4657241605833453,cos_score,dpo,492
natural,3.353595522534536,3.2619855271159968,1,12,3.3080596599104983,normalized_mse,dpo,492
natural,7.8224935945617,7.664965178848453,2,12,7.74484773270748,normalized_mse,dpo,492
natural,15.612329002244525,15.27210080508116,3,12,15.440766972899988,normalized_mse,dpo,486
natural,38.1211224836028,37.24272638937208,5,12,37.68604268297442,normalized_mse,dpo,466
natural,0.8395174366053637,0.8348324121398669,1,12,0.8371880213514963,perp_score,dpo,492
natural,1.4654701877610523,1.4521237626322367,1,16,1.4588533105884103,cos_score,dpo,492
natural,2.9874844962817417,2.9075409958463156,1,16,2.9478271084137924,normalized_mse,dpo,492
natural,7.027012352140582,6.888628827236431,2,16,6.958777606189525,normalized_mse,dpo,492
natural,14.110074947571118,13.807894966254638,3,16,13.95851823120772,normalized_mse,dpo,486
natural,34.41503967178792,33.637515673622076,5,16,34.028661211084135,normalized_mse,dpo,466
natural,0.8352765080635857,0.8299892734339779,1,16,0.8326467855172734,perp_score,dpo,492
natural,1.4787254693077319,1.4616694649579167,1,20,1.4702789979248339,cos_score,dpo,492
natural,2.756517453507616,2.6629743764544385,1,20,2.710806287428435,normalized_mse,dpo,492
natural,6.322044804543168,6.170275826377098,2,20,6.246276085827517,normalized_mse,dpo,492
natural,13.01071564532763,12.653078463862409,3,20,12.828409596495375,normalized_mse,dpo,486
natural,32.089375854739,31.209695467452125,5,20,31.65217551801993,normalized_mse,dpo,466
natural,0.8370547815512462,0.8305286830253124,1,20,0.833815275509694,perp_score,dpo,492
natural,1.484107438873796,1.4661823807445789,1,24,1.4751994921101315,cos_score,dpo,492
natural,2.3444454586549193,2.2564122206382025,1,24,2.301027194104872,normalized_mse,dpo,492
natural,5.344575312472523,5.197589269020224,2,24,5.270319429262721,normalized_mse,dpo,492
natural,11.118813202773584,10.751496050766617,3,24,10.93183767909009,normalized_mse,dpo,486
natural,27.862878668827353,26.899257130845115,5,24,27.381573110013278,normalized_mse,dpo,466
natural,0.8369248846403091,0.8298866654982302,1,24,0.8334329131057642,perp_score,dpo,492
natural,1.4747155411970834,1.4564937071533592,1,28,1.4656559795897992,cos_score,dpo,492
natural,2.0848490964097417,2.010662821836052,1,28,2.048304545095025,normalized_mse,dpo,492
natural,4.738632381632794,4.603868230928072,2,28,4.669614654150012,normalized_mse,dpo,492
natural,9.730706307623757,9.415744824539967,3,28,9.569134135249438,normalized_mse,dpo,486
natural,24.246466185483303,23.40341836723163,5,28,23.82453172102482,normalized_mse,dpo,466
natural,0.837533707225001,0.8306675633393784,1,28,0.8341147276417031,perp_score,dpo,492
natural,1.4724692192724762,1.4552830633685476,1,32,1.4639305491463106,cos_score,dpo,492
natural,2.610364920974705,2.5220636905207465,1,32,2.5663721010746356,normalized_mse,dpo,492
natural,6.0037455347878295,5.829688633617636,2,32,5.915835609045982,normalized_mse,dpo,492
natural,12.206009866376581,11.81975777166662,3,32,12.010712595057282,normalized_mse,dpo,486
natural,30.266997434170843,29.265301194976818,5,32,29.762658081392395,normalized_mse,dpo,466
natural,0.8346819915491392,0.8281282593203911,1,32,0.8314242647013457,perp_score,dpo,492
natural-clean,1.0457319162172876,1.0400272315625763,0,-1,1.0428992911637638,layer_smoothness,dpo,100
natural-clean,1.479127447575938,1.4345491273822906,1,4,1.4561373126638641,cos_score,dpo,100
natural-clean,2.841083024148314,2.5077796107232575,1,4,2.675968651752815,normalized_mse,dpo,100
natural-clean,6.35202938452781,5.692343327224897,2,4,6.0241931211024635,normalized_mse,dpo,100
natural-clean,12.90728918108075,11.540676138938894,3,4,12.228904975532098,normalized_mse,dpo,98
natural-clean,31.634498754615368,28.347951712629698,5,4,30.020938789849396,normalized_mse,dpo,92
natural-clean,0.8237137057239066,0.8043941458615999,1,4,0.8139547055711712,perp_score,dpo,100
natural-clean,1.4710857634737526,1.443969623300343,1,8,1.457288003985184,cos_score,dpo,100
natural-clean,3.3928410850693203,3.171242010471775,1,8,3.2834146575177012,normalized_mse,dpo,100
natural-clean,8.09393786797365,7.650465728863696,2,8,7.874370691057496,normalized_mse,dpo,100
natural-clean,15.929637481810923,15.030086862826668,3,8,15.486454903868616,normalized_mse,dpo,98
natural-clean,39.45200150178973,37.024147100792646,5,8,38.24078015860938,normalized_mse,dpo,92
natural-clean,0.8342476663303974,0.8228358277893018,1,8,0.8286308406964212,perp_score,dpo,100
natural-clean,1.4617854418692307,1.4381692530305061,1,12,1.449852255057536,cos_score,dpo,100
natural-clean,3.3414126216080082,3.1713014328559757,1,12,3.259336987267895,normalized_mse,dpo,100
natural-clean,8.047852728447834,7.696744545774177,2,12,7.877287870673043,normalized_mse,dpo,100
natural-clean,15.62230321771968,14.993800818701784,3,12,15.312934866028156,normalized_mse,dpo,98
natural-clean,38.44890850717217,36.59139980940561,5,12,37.5209520372806,normalized_mse,dpo,92
natural-clean,0.8358863019301798,0.8265809894719434,1,12,0.8313103910033933,perp_score,dpo,100
natural-clean,1.4522382977771842,1.4272386666573065,1,16,1.4395219971056619,cos_score,dpo,100
natural-clean,2.9599882390093706,2.8134272518199124,1,16,2.888688318872015,normalized_mse,dpo,100
natural-clean,7.2238107082216585,6.92324808797521,2,16,7.077701059467419,normalized_mse,dpo,100
natural-clean,14.099741305105379,13.482536532965579,3,16,13.794523931769723,normalized_mse,dpo,98
natural-clean,34.669575689181684,33.047812127078416,5,16,33.84068032404445,normalized_mse,dpo,92
natural-clean,0.830486644572152,0.820066047584754,1,16,0.8253434563535041,perp_score,dpo,100
natural-clean,1.4635359533007097,1.4303808246432075,1,20,1.4466342649606727,cos_score,dpo,100
natural-clean,2.719064476029289,2.542978662090053,1,20,2.6326451689891623,normalized_mse,dpo,100
natural-clean,6.496253291635089,6.165403828644329,2,20,6.334468634558253,normalized_mse,dpo,100
natural-clean,12.944854116260094,12.208511103433027,3,20,12.577279039785958,normalized_mse,dpo,98
natural-clean,32.689471772729135,30.779902661717998,5,20,31.709080227109297,normalized_mse,dpo,92
natural-clean,0.8315725442306847,0.8184796990180991,1,20,0.8249758008045275,perp_score,dpo,100
natural-clean,1.4681011368920902,1.4329980131493432,1,24,1.449998964585172,cos_score,dpo,100
natural-clean,2.299895908122721,2.1402155657907476,1,24,2.219788163510361,normalized_mse,dpo,100
natural-clean,5.504650155570104,5.184205696362844,2,24,5.345724828228947,normalized_mse,dpo,100
natural-clean,11.077858063233796,10.30859323446933,3,24,10.692419062380491,normalized_mse,dpo,98
natural-clean,28.60864933552112,26.33369919564901,5,24,27.440172293862414,normalized_mse,dpo,92
natural-clean,0.8307288906753975,0.816731791612545,1,24,0.823640903931183,perp_score,dpo,100
natural-clean,1.4588321799919495,1.4229469533101624,1,28,1.4405097324424967,cos_score,dpo,100
natural-clean,2.0539851775780256,1.9168669929759017,1,28,1.9860335429124591,normalized_mse,dpo,100
natural-clean,4.895754298877879,4.595295954375554,2,28,4.744962597003305,normalized_mse,dpo,100
natural-clean,9.749729896910038,9.077799235127143,3,28,9.412567005003318,normalized_mse,dpo,98
natural-clean,25.16602345257748,23.03000122812302,5,28,24.057792450283976,normalized_mse,dpo,92
natural-clean,0.8320496729743507,0.8181684036732769,1,28,0.825064959079389,perp_score,dpo,100
natural-clean,1.4597866780606212,1.4259695992398704,1,32,1.4425613527761236,cos_score,dpo,100
natural-clean,2.589187910722392,2.412381863655759,1,32,2.5009924521989326,normalized_mse,dpo,100
natural-clean,6.204558772180957,5.8090082290882625,2,32,6.006395453695544,normalized_mse,dpo,100
natural-clean,12.275194597600484,11.476455759028635,3,32,11.876145322870924,normalized_mse,dpo,98
natural-clean,31.54872074861617,29.049875049026088,5,32,30.27430120264166,normalized_mse,dpo,92
natural-clean,0.8300143916124437,0.8168429902304982,1,32,0.8234190686665787,perp_score,dpo,100
literal,1.0241322877080543,1.01799153775415,0,-1,1.0210799224222031,layer_smoothness,rlvr,100
literal,1.4010544606080026,1.3392542894233133,1,4,1.3699468289452201,cos_score,rlvr,100
literal,0.3833511281208449,0.343924618502073,1,4,0.3638201517518862,normalized_mse,rlvr,100
literal,0.9228111294921246,0.8222069444010836,2,4,0.871720565277472,normalized_mse,rlvr,100
literal,1.9578420138179633,1.749087277409368,3,4,1.8525736842964864,normalized_mse,rlvr,98
literal,5.2126837320058375,4.615166859530532,5,4,4.910705937391245,normalized_mse,rlvr,94
literal,0.7941169669222824,0.7713862032227825,1,4,0.7827893467051044,perp_score,rlvr,100
literal,1.390376791818404,1.3321367710264118,1,8,1.3604632145346607,cos_score,rlvr,100
literal,0.9358971875280578,0.843367173817542,1,8,0.8896098946050768,normalized_mse,rlvr,100
literal,2.38132561480347,2.118992663577968,2,8,2.241770983655925,normalized_mse,rlvr,100
literal,5.203315773987286,4.643109787972443,3,8,4.920278595085274,normalized_mse,rlvr,98
literal,14.787093463825812,12.846546836705356,5,8,13.788590378608534,normalized_mse,rlvr,94
literal,0.7872641837781229,0.7633506748144687,1,8,0.7752577335312283,perp_score,rlvr,100
literal,1.3620591269892306,1.306806019518833,1,12,1.3334546147387005,cos_score,rlvr,100
literal,1.2609410506712653,1.1083523522560699,1,12,1.1833910803418717,normalized_mse,rlvr,100
literal,3.0226050651822183,2.735533351050012,2,12,2.8765310569569436,normalized_mse,rlvr,100
literal,6.4777591386869,5.824599827403665,3,12,6.147501493059591,normalized_mse,rlvr,98
literal,17.014190268298933,15.208344333872098,5,12,16.104729773582267,normalized_mse,rlvr,94
literal,0.790290727814698,0.7683197919646496,1,12,0.7791982941099086,perp_score,rlvr,100
literal,1.3929976836048277,1.353824991812744,1,16,1.3728150689495648,cos_score,rlvr,100
literal,1.8876990545950103,1.7167150130535194,1,16,1.8026320858645994,normalized_mse,rlvr,100
literal,4.748770725696034,4.33602299108368,2,16,4.535725237612253,normalized_mse,rlvr,100
literal,9.64538272340488,8.80288583463502,3,16,9.220277515999818,normalized_mse,rlvr,98
literal,23.771459725988162,21.480234479443666,5,16,22.61492210816899,normalized_mse,rlvr,94
literal,0.8032929977077405,0.788270959683967,1,16,0.7956849983634846,perp_score,rlvr,100
literal,1.406653439351667,1.3670453396678974,1,20,1.3862484454257094,cos_score,rlvr,100
literal,1.9304884804161084,1.750399689649382,1,20,1.8403466454813802,normalized_mse,rlvr,100
literal,4.860772059028361,4.402200723882681,2,20,4.6225848341103895,normalized_mse,rlvr,100
literal,9.847539137323619,8.919005141243849,3,20,9.37635193491186,normalized_mse,rlvr,98
literal,23.959569325856464,21.699381303464094,5,20,22.821621379680316,normalized_mse,rlvr,94
literal,0.8048143852065982,0.7899597330666107,1,20,0.7972464419298764,perp_score,rlvr,100
literal,1.4218038233950305,1.3815160955375019,1,24,1.4010653893963854,cos_score,rlvr,100
literal,1.8410828334079885,1.6501721668881655,1,24,1.74470073359889,normalized_mse,rlvr,100
literal,4.533967830258528,4.072153648435653,2,24,4.294414901164279,normalized_mse,rlvr,100
literal,9.221139303216498,8.259087085970997,3,24,8.730740821897069,normalized_mse,rlvr,98
literal,22.44809537358187,20.09994726445179,5,24,21.266803952124675,normalized_mse,rlvr,94
literal,0.8110645419102398,0.7963673801631304,1,24,0.8035010442527496,perp_score,rlvr,100
literal,1.4256104349554999,1.3830166460928628,1,28,1.4036557385346242,cos_score,rlvr,100
literal,1.6286586943134351,1.4520916088766354,1,28,1.540237750711048,normalized_mse,rlvr,100
literal,3.932039105790061,3.5342280025169357,2,28,3.726850189657509,normalized_mse,rlvr,100
literal,8.016492548961384,7.17044806198483,3,28,7.591223848466283,normalized_mse,rlvr,98
literal,19.593718637429717,17.48868960743614,5,28,18.54439777654808,normalized_mse,rlvr,94
literal,0.8136430918056642,0.7982953369165056,1,28,0.8057438579043249,perp_score,rlvr,100
literal,1.4136989615574367,1.371977704252471,1,32,1.3924217058941732,cos_score,rlvr,100
literal,1.9168651199364293,1.712547595082758,1,32,1.8144997993061873,normalized_mse,rlvr,100
literal,4.593106982478486,4.160963568276087,2,32,4.378710477197881,normalized_mse,rlvr,100
literal,9.196172764608377,8.284724338202757,3,32,8.740424249189862,normalized_mse,rlvr,98
literal,21.993123930631562,19.638084941715782,5,32,20.80677768234261,normalized_mse,rlvr,94
literal,0.8144851549717664,0.8000650377773122,1,32,0.8071190099269212,perp_score,rlvr,100
natural,1.0442251019028979,1.0415147476427369,0,-1,1.042880361391161,layer_smoothness,rlvr,492
natural,1.4922281578697822,1.4695660402572195,1,4,1.4808864701822093,cos_score,rlvr,492
natural,2.836101540145236,2.6767425286493283,1,4,2.7572905589768535,normalized_mse,rlvr,492
natural,5.998946766216583,5.735436452059672,2,4,5.869864311771114,normalized_mse,rlvr,492
natural,12.708224910248058,12.092818394841569,3,4,12.40046080315337,normalized_mse,rlvr,486
natural,31.55035257249077,30.063738864491174,5,4,30.81111983936799,normalized_mse,rlvr,466
natural,0.8289923877340653,0.8194815598301184,1,4,0.8242453966646798,perp_score,rlvr,492
natural,1.4811875003285688,1.4665116239426799,1,8,1.4739177504788605,cos_score,rlvr,492
natural,3.38155158342099,3.267367282171234,1,8,3.3243803209088383,normalized_mse,rlvr,492
natural,7.785485373132829,7.586539283940883,2,8,7.687141765738012,normalized_mse,rlvr,492
natural,15.827614092498502,15.37671807765315,3,8,15.600885773735067,normalized_mse,rlvr,486
natural,39.136050178675234,38.0035127863843,5,8,38.574900340622335,normalized_mse,rlvr,466
natural,0.8379195057799308,0.8321716225867514,1,8,0.8350892622112955,perp_score,rlvr,492
natural,1.471525514065257,1.458872303298413,1,12,1.465233303386697,cos_score,rlvr,492
natural,3.328232517544137,3.236304231793068,1,12,3.2824818990795843,normalized_mse,rlvr,492
natural,7.765722821598273,7.607290764051266,2,12,7.687785345799368,normalized_mse,rlvr,492
natural,15.511598639013968,15.170425974676789,3,12,15.339869764376658,normalized_mse,rlvr,486
natural,37.90273711955023,37.0270382806486,5,12,37.466733689671926,normalized_mse,rlvr,466
natural,0.8390722161664949,0.8343447923849896,1,12,0.8367215786363666,perp_score,rlvr,492
natural,1.4656982490783101,1.4523747740317061,1,16,1.4590774205759662,cos_score,rlvr,492
natural,2.9641915006359203,2.884752662189913,1,16,2.9247488094813514,normalized_mse,rlvr,492
natural,6.989657105122216,6.850799248139409,2,16,6.921121815054691,normalized_mse,rlvr,492
natural,14.058187959515013,13.755576523296812,3,16,13.905255719565659,normalized_mse,rlvr,486
natural,34.344045192519935,33.561254044632115,5,16,33.954818020494436,normalized_mse,rlvr,466
natural,0.8345573494907488,0.829197078760664,1,16,0.8319067573892911,perp_score,rlvr,492
natural,1.4784815448090876,1.4614575490228334,1,20,1.4700416115953787,cos_score,rlvr,492
natural,2.7318140987716277,2.6390063929139522,1,20,2.6861892142923227,normalized_mse,rlvr,492
natural,6.28272825521386,6.132011317809516,2,20,6.207808363777141,normalized_mse,rlvr,492
natural,12.948763675204756,12.589270697797945,3,20,12.76471165091257,normalized_mse,rlvr,486
natural,32.00165741516213,31.10705345115476,5,20,31.55578626808627,normalized_mse,rlvr,466
natural,0.8359930248992766,0.8293601079689793,1,20,0.8327136878477415,perp_score,rlvr,492
natural,1.4836102896135759,1.4656418588613198,1,24,1.4746920650531958,cos_score,rlvr,492
natural,2.333973169157744,2.246171233254799,1,24,2.2905387877161565,normalized_mse,rlvr,492
natural,5.329435026284452,5.17935024874916,2,24,5.2538677735987225,normalized_mse,rlvr,492
natural,11.093125664361196,10.716455581983213,3,24,10.901375202724683,normalized_mse,rlvr,486
natural,27.87402292524729,26.86281255294399,5,24,27.36732679793572,normalized_mse,rlvr,466
natural,0.8358934694382709,0.8287709153335417,1,24,0.8323552868038762,perp_score,rlvr,492
natural,1.4766943376823005,1.4585147622203867,1,28,1.4676406894677052,cos_score,rlvr,492
natural,2.0772424401193317,2.001894727884448,1,28,2.039838266005201,normalized_mse,rlvr,492
natural,4.730410125431848,4.590717577006428,2,28,4.658865335028946,normalized_mse,rlvr,492
natural,9.74245131534715,9.411648112823848,3,28,9.571615128767053,normalized_mse,rlvr,486
natural,24.400814272226633,23.498490070574572,5,28,23.949020154658303,normalized_mse,rlvr,466
natural,0.8364985242826196,0.8294775390068317,1,28,0.8330001194724173,perp_score,rlvr,492
natural,1.4722140797693017,1.4550829108273917,1,32,1.463677215007707,cos_score,rlvr,492
natural,2.59932016926004,2.510771598497327,1,32,2.5553344885958094,normalized_mse,rlvr,492
natural,5.985453826065695,5.811871731731131,2,32,5.8981277884446595,normalized_mse,rlvr,492
natural,12.171471544376143,11.784895180252056,3,32,11.976005863371814,normalized_mse,rlvr,486
natural,30.13896186338528,29.145789603288762,5,32,29.640652495711148,normalized_mse,rlvr,466
natural,0.8337197165032795,0.8270134811473046,1,32,0.8303774526587538,perp_score,rlvr,492
natural-clean,1.0468926686302547,1.041004504463059,0,-1,1.0439793741134384,layer_smoothness,rlvr,100
natural-clean,1.479466255183479,1.4348745654882196,1,4,1.4564120020390643,cos_score,rlvr,100
natural-clean,2.8386731565621495,2.5053147328034537,1,4,2.6735825253794667,normalized_mse,rlvr,100
natural-clean,6.34221871813179,5.681535934187956,2,4,6.013385977484939,normalized_mse,rlvr,100
natural-clean,12.879790797399643,11.516422633512544,3,4,12.20431835393967,normalized_mse,rlvr,98
natural-clean,31.583541825165565,28.298644861526025,5,4,29.967827674089765,normalized_mse,rlvr,92
natural-clean,0.8239705718473223,0.8046290068031472,1,4,0.8142015438007939,perp_score,rlvr,100
natural-clean,1.4706984865167612,1.443448222452256,1,8,1.4568532545064514,cos_score,rlvr,100
natural-clean,3.3656084113288562,3.14292787692175,1,8,3.255415099212594,normalized_mse,rlvr,100
natural-clean,8.02514007677117,7.580840644251006,2,8,7.805014942092782,normalized_mse,rlvr,100
natural-clean,15.804899365595968,14.89835699113773,3,8,15.358881970085857,normalized_mse,rlvr,98
natural-clean,39.12517784579972,36.70129499263704,5,8,37.913464532681076,normalized_mse,rlvr,92
natural-clean,0.833923589735161,0.822461283234987,1,8,0.8282845688688871,perp_score,rlvr,100
natural-clean,1.4614653564100364,1.437459567477814,1,12,1.449390750058911,cos_score,rlvr,100
natural-clean,3.3168226306599835,3.145994261889965,1,12,3.2341634756015303,normalized_mse,rlvr,100
natural-clean,7.992601188991499,7.6405686522007334,2,12,7.821629058653937,normalized_mse,rlvr,100
natural-clean,15.526016034166366,14.896884100714338,3,12,15.216039766613076,normalized_mse,rlvr,98
natural-clean,38.242717248069695,36.397299156363076,5,12,37.320811132360525,normalized_mse,rlvr,92
natural-clean,0.8354154880460564,0.8260465956851751,1,12,0.8308085370659964,perp_score,rlvr,100
natural-clean,1.4524006877125548,1.427369637532327,1,16,1.4396668947629185,cos_score,rlvr,100
natural-clean,2.9378218821993483,2.7929768740549603,1,16,2.8671764863872364,normalized_mse,rlvr,100
natural-clean,7.19740456013324,6.895480258720231,2,16,7.049686466077494,normalized_mse,rlvr,100
natural-clean,14.073529743098455,13.453012801241954,3,16,13.76665492126044,normalized_mse,rlvr,98
natural-clean,34.647007554202354,33.00880643243374,5,16,33.806170235461316,normalized_mse,rlvr,92
natural-clean,0.8294917110843436,0.8188933121651479,1,16,0.8242496357631004,perp_score,rlvr,100
natural-clean,1.4634398718318733,1.4304769041729581,1,20,1.4465680204622078,cos_score,rlvr,100
natural-clean,2.6948982535189443,2.5213090865460566,1,20,2.6093913175416907,normalized_mse,rlvr,100
natural-clean,6.46206882206483,6.13032738688121,2,20,6.300303779938175,normalized_mse,rlvr,100
natural-clean,12.90051490224249,12.152192145780171,3,20,12.528579218560445,normalized_mse,rlvr,98
natural-clean,32.614718026449346,30.664161449261716,5,20,31.610071061674816,normalized_mse,rlvr,92
natural-clean,0.8302347141059512,0.8170084103837751,1,20,0.8235708730449929,perp_score,rlvr,100
natural-clean,1.467560590305449,1.4324674066981806,1,24,1.4495071775657766,cos_score,rlvr,100
natural-clean,2.291637343934665,2.1316431846764723,1,24,2.211818640201566,normalized_mse,rlvr,100
natural-clean,5.499095703526838,5.16985387797762,2,24,5.335204939821039,normalized_mse,rlvr,100
natural-clean,11.081749071613093,10.286173413210909,3,24,10.683287889646643,normalized_mse,rlvr,98
natural-clean,28.712244474061222,26.323638016461906,5,24,27.47980288329628,normalized_mse,rlvr,92
natural-clean,0.829418354586324,0.8153092898208967,1,24,0.8222809306228336,perp_score,rlvr,100
natural-clean,1.4605982181980481,1.425001385060789,1,28,1.4424413015611715,cos_score,rlvr,100
natural-clean,2.0490090296334733,1.907212098162461,1,28,1.978167244300464,normalized_mse,rlvr,100
natural-clean,4.8960120466349295,4.581778568413007,2,28,4.737766681630391,normalized_mse,rlvr,100
natural-clean,9.786907666183804,9.078282300463988,3,28,9.429146299854331,normalized_mse,rlvr,98
natural-clean,25.433245262934978,23.129061441742316,5,28,24.233268039103045,normalized_mse,rlvr,92
natural-clean,0.8306948860342138,0.8168395688427761,1,28,0.8236643326571068,perp_score,rlvr,100
natural-clean,1.4586184555082082,1.4251932594823276,1,32,1.4415354914306946,cos_score,rlvr,100
natural-clean,2.574644488773547,2.398567519141818,1,32,2.486842627423648,normalized_mse,rlvr,100
natural-clean,6.182448026814969,5.791127271276828,2,32,5.986936562329879,normalized_mse,rlvr,100
natural-clean,12.2387308951883,11.451789666822664,3,32,11.845552640913349,normalized_mse,rlvr,98
natural-clean,31.35773225826803,28.922370547658954,5,32,30.121295321270985,normalized_mse,rlvr,92
natural-clean,0.8285638531799591,0.8153090064602672,1,32,0.8218774990002521,perp_score,rlvr,100
natural,1.0241717756336826,1.0211267645904174,0,-1,1.0226784296897058,layer_smoothness,sft,492
natural,1.4919180231801896,1.4692831790806145,1,4,1.4805864273954517,cos_score,sft,492
natural,2.8389086796974063,2.680015425462289,1,4,2.760306522023248,normalized_mse,sft,492
natural,6.0124011401098745,5.749411560445879,2,4,5.883673635761418,normalized_mse,sft,492
natural,12.735913933885362,12.122826555043837,3,4,12.428993511944965,normalized_mse,sft,486
natural,31.64450395326821,30.15433761127899,5,4,30.90243833278312,normalized_mse,sft,466
natural,0.8287980645569737,0.8192720657637109,1,4,0.8240344644143652,perp_score,sft,492
natural,1.4815125747354754,1.4670526259154388,1,8,1.4743468818951853,cos_score,sft,492
natural,3.404410581303024,3.29141411943411,1,8,3.3480271566674302,normalized_mse,sft,492
natural,7.852159136830363,7.653045772719831,2,8,7.7540495260457245,normalized_mse,sft,492
natural,15.935892806899298,15.487577358797468,3,8,15.709401326623736,normalized_mse,sft,486
natural,39.405509802142156,38.27103128749534,5,8,38.84388233417879,normalized_mse,sft,466
natural,0.8382808557988343,0.8326410178857477,1,8,0.8355039131953511,perp_score,sft,492
natural,1.4726899661660866,1.460328885102743,1,12,1.4665339034708784,cos_score,sft,492
natural,3.3925326964779945,3.299641812248896,1,12,3.3462361847466853,normalized_mse,sft,492
natural,7.911617241433247,7.751030769608607,2,12,7.832393381320995,normalized_mse,sft,492
natural,15.763329193882067,15.41650849089605,3,12,15.588762233121688,normalized_mse,sft,486
natural,38.44862107034698,37.56255143327651,5,12,38.00765924272933,normalized_mse,sft,466
natural,0.8403963003123672,0.8358093922399259,1,12,0.8381172309853411,perp_score,sft,492
natural,1.4691675748039228,1.4552717799224857,1,16,1.462266481384531,cos_score,sft,492
natural,2.9601040945305193,2.8723361289496645,1,16,2.9165464654194615,normalized_mse,sft,492
natural,6.914607326804763,6.7670181279150565,2,16,6.84147617500133,normalized_mse,sft,492
natural,13.965332575045075,13.630497836078549,3,16,13.795033733454641,normalized_mse,sft,486
natural,34.13853172993491,33.29000777527368,5,16,33.71961537995678,normalized_mse,sft,466
natural,0.8360172608552894,0.8305435281221246,1,16,0.8332927478093898,perp_score,sft,492
natural,1.478933415381108,1.4611638029941605,1,20,1.4701457345030537,cos_score,sft,492
natural,2.649177141819072,2.5505322823693235,1,20,2.600773836463304,normalized_mse,sft,492
natural,6.070102108658994,5.9051248343864104,2,20,5.987928542011517,normalized_mse,sft,492
natural,12.576778219875003,12.188583054677713,3,20,12.379423640158967,normalized_mse,sft,486
natural,31.258378691445007,30.27689790002118,5,20,30.77315714542182,normalized_mse,sft,466
natural,0.8354109516787611,0.8285829880607244,1,20,0.8320400355411967,perp_score,sft,492
natural,1.4806213833500903,1.461741811013811,1,24,1.4712596747898392,cos_score,sft,492
natural,2.2240410875998715,2.133364545730712,1,24,2.179625168539985,normalized_mse,sft,492
natural,5.079117737611294,4.914849807731096,2,24,4.996279192277958,normalized_mse,sft,492
natural,10.614969839586594,10.218057660790135,3,24,10.41217952014826,normalized_mse,sft,486
natural,26.85434998880695,25.773068413232057,5,24,26.309406147516167,normalized_mse,sft,466
natural,0.8345915064636737,0.8271966429072494,1,24,0.8309482592863088,perp_score,sft,492
natural,1.4692019849498856,1.4500045323300343,1,28,1.4596626865090652,cos_score,sft,492
natural,1.976849112495198,1.9006456756113186,1,28,1.939299889907757,normalized_mse,sft,492
natural,4.507680368720572,4.357754366213597,2,28,4.431006752828279,normalized_mse,sft,492
natural,9.293533894355681,8.951375494635473,3,28,9.117538066147617,normalized_mse,sft,486
natural,23.357709513792972,22.422390002368694,5,28,22.88897455756513,normalized_mse,sft,466
natural,0.8337887455885225,0.8264792953264631,1,28,0.8301481474695288,perp_score,sft,492
natural,1.4701801321780412,1.4508189046235536,1,32,1.460541821915087,cos_score,sft,492
natural,2.0966970960525377,2.0178257320852677,1,32,2.0578656295693114,normalized_mse,sft,492
natural,4.825859020373245,4.645776318733368,2,32,4.734961280885691,normalized_mse,sft,492
natural,9.875250217699506,9.493634493935359,3,32,9.68018329430408,normalized_mse,sft,486
natural,24.926161250856172,23.876428349015068,5,32,24.39208423055046,normalized_mse,sft,466
natural,0.8305461259081939,0.8232771535519487,1,32,0.8269231328544746,perp_score,sft,492
