boundary_mode,ci95_high,ci95_low,comparison,horizon,improvement_ratio_left_over_right,layer,left,left_mean,mean_difference,metric,n_problems,right,right_mean
literal,0.0024542573405619294,0.002010898438223553,rlvr-dpo,0,0.9978158554672534,-1,dpo,1.0188497362921474,0.0022301861300557148,layer_smoothness,100,rlvr,1.0210799224222031
literal,-0.0002249399248356164,-0.0012740668021878493,rlvr-dpo,1,1.0005548877717865,4,dpo,1.3707069956885995,-0.0007601667433793946,cos_score,100,rlvr,1.3699468289452201
literal,0.001381576102675503,9.699145585650354e-05,rlvr-dpo,1,0.9979685425919678,4,dpo,0.3630810666094184,0.0007390851424677401,normalized_mse,100,rlvr,0.3638201517518862
literal,0.00849577533988458,0.003976415261908171,rlvr-dpo,2,0.9929329538736607,4,dpo,0.8655600758333775,0.006160489444094622,normalized_mse,100,rlvr,0.871720565277472
literal,0.017458424617988157,0.007946251530398532,rlvr-dpo,3,0.9932699521625225,4,dpo,1.840105774778719,0.012467909517767363,normalized_mse,98,rlvr,1.8525736842964864
literal,0.06645672797381286,0.03382466776225134,rlvr-dpo,5,0.9899493996933061,4,dpo,4.861350394790817,0.049355542600427064,normalized_mse,94,rlvr,4.910705937391245
literal,-0.0005408057430499977,-0.0009824234667235568,rlvr-dpo,1,1.0009573073263822,4,dpo,0.783538716681719,-0.0007493699766147011,perp_score,100,rlvr,0.7827893467051044
literal,-0.0018676166433143988,-0.0029198816959054605,rlvr-dpo,1,1.0017566499695332,8,dpo,1.362853072199024,-0.0023898576643632107,cos_score,100,rlvr,1.3604632145346607
literal,-0.0034306083548101877,-0.006640962860302124,rlvr-dpo,1,1.0056695278289685,8,dpo,0.894653562659466,-0.005043668054389265,normalized_mse,100,rlvr,0.8896098946050768
literal,0.0030151440471703397,-0.005862368590610813,rlvr-dpo,2,1.0006683170110087,8,dpo,2.243269197339088,-0.0014982136831628724,normalized_mse,100,rlvr,2.241770983655925
literal,0.012339017725829144,-0.008484708498449355,rlvr-dpo,3,0.9996576222669102,8,dpo,4.918594001253719,0.001684593831555544,normalized_mse,98,rlvr,4.920278595085274
literal,0.13261915052037399,0.03276863488029361,rlvr-dpo,5,0.9941636955034494,8,dpo,13.708115966580767,0.08047441202777021,normalized_mse,94,rlvr,13.788590378608534
literal,-0.0009458308956865414,-0.0014576111065335252,rlvr-dpo,1,1.0015456260371391,8,dpo,0.7764559920696676,-0.0011982585384393075,perp_score,100,rlvr,0.7752577335312283
literal,2.5089313413491367e-06,-0.001421997875125554,rlvr-dpo,1,1.0005503622826308,12,dpo,1.3341884978642529,-0.0007338831255524881,cos_score,100,rlvr,1.3334546147387005
literal,-0.012039946695312337,-0.016341327605050113,rlvr-dpo,1,1.011996110118641,12,dpo,1.1975871700550704,-0.014196089713198896,normalized_mse,100,rlvr,1.1833910803418717
literal,-0.022889065008014083,-0.03652938882494472,rlvr-dpo,2,1.0102872242178833,12,dpo,2.9061225769095644,-0.029591519952620552,normalized_mse,100,rlvr,2.8765310569569436
literal,-0.029225266341282367,-0.055835771921210434,rlvr-dpo,3,1.0069801743190143,12,dpo,6.190412125107547,-0.04291063204795776,normalized_mse,98,rlvr,6.147501493059591
literal,0.0002046053091789239,-0.09376870808872916,rlvr-dpo,5,1.0030701187339595,12,dpo,16.154173206165495,-0.049443432583228475,normalized_mse,94,rlvr,16.104729773582267
literal,-0.001012376232735599,-0.0015908785431883222,rlvr-dpo,1,1.0016657872506134,12,dpo,0.7804962726939365,-0.0012979785840280889,perp_score,100,rlvr,0.7791982941099086
literal,0.002542188460243088,0.000288171529079871,rlvr-dpo,1,0.9990085067634111,16,dpo,1.371453932093614,0.0013611368559507686,cos_score,100,rlvr,1.3728150689495648
literal,-0.011555768815121987,-0.020451945289018243,rlvr-dpo,1,1.008902560700272,16,dpo,1.8186801274292668,-0.016048041564667388,normalized_mse,100,rlvr,1.8026320858645994
literal,-0.024666929065419237,-0.05242417678052103,rlvr-dpo,2,1.0082131694887497,16,dpo,4.572977917743162,-0.03725268013090874,normalized_mse,100,rlvr,4.535725237612253
literal,-0.0412618714402098,-0.09954355819179905,rlvr-dpo,3,1.0075507697063688,16,dpo,9.289897708151942,-0.06962019215212453,normalized_mse,98,rlvr,9.220277515999818
literal,-0.10585309474922366,-0.2533982739353426,rlvr-dpo,5,1.0077756247231502,16,dpo,22.790767255625386,-0.17584514745639948,normalized_mse,94,rlvr,22.61492210816899
literal,-0.00019626731620399674,-0.0007880029737880643,rlvr-dpo,1,1.0006226506805302,16,dpo,0.7961804321692033,-0.0004954338057185281,perp_score,100,rlvr,0.7956849983634846
literal,0.004178668455364768,0.0016855665544662061,rlvr-dpo,1,0.9979183471547364,20,dpo,1.3833627574050467,0.0028856880206628555,cos_score,100,rlvr,1.3862484454257094
literal,-0.01149431050856448,-0.02048023936818068,rlvr-dpo,1,1.008676229936909,20,dpo,1.856313916141196,-0.01596727065981588,normalized_mse,100,rlvr,1.8403466454813802
literal,-0.03676508133853814,-0.07574993783776755,rlvr-dpo,2,1.0116292619550855,20,dpo,4.6763420840558645,-0.053757249945475385,normalized_mse,100,rlvr,4.6225848341103895
literal,-0.07024427548809638,-0.13928499991952784,rlvr-dpo,3,1.0109382515115763,20,dpo,9.47891283063698,-0.10256089572512324,normalized_mse,98,rlvr,9.37635193491186
literal,-0.22020338507465056,-0.42634387367273124,rlvr-dpo,5,1.013934266076248,20,dpo,23.139623924276172,-0.3180025445958665,normalized_mse,94,rlvr,22.821621379680316
literal,0.00023312131625512472,-0.0008765626557037626,rlvr-dpo,1,1.000394181584964,20,dpo,0.7975607017959632,-0.0003142598660868989,perp_score,100,rlvr,0.7972464419298764
literal,0.003712216564216949,0.0012770802649780526,rlvr-dpo,1,0.9982525216084218,24,dpo,1.398617057903227,0.002448331493158391,cos_score,100,rlvr,1.4010653893963854
literal,-0.00032731252381555583,-0.008567143091554687,rlvr-dpo,1,1.0025648023267146,24,dpo,1.7491755460998453,-0.004474812500955241,normalized_mse,100,rlvr,1.74470073359889
literal,-0.008486804303930583,-0.040622885937832136,rlvr-dpo,2,1.0052973839811659,24,dpo,4.317164065870187,-0.022749164705908553,normalized_mse,100,rlvr,4.294414901164279
literal,-0.00804191017919129,-0.06906340149549632,rlvr-dpo,3,1.0042481350403218,24,dpo,8.767830187910539,-0.03708936601346904,normalized_mse,98,rlvr,8.730740821897069
literal,-0.04839859373709854,-0.23047883947155945,rlvr-dpo,5,1.0064715203843289,24,dpo,21.404432507410377,-0.13762855528569934,normalized_mse,94,rlvr,21.266803952124675
literal,-2.3716146926752152e-05,-0.0012702732896675666,rlvr-dpo,1,1.0007845795889128,24,dpo,0.8041314547717404,-0.0006304105189909004,perp_score,100,rlvr,0.8035010442527496
literal,0.003976350270295499,0.00142199116449572,rlvr-dpo,1,0.9981028256335641,28,dpo,1.4009927588481756,0.002662979686448519,cos_score,100,rlvr,1.4036557385346242
literal,-0.008429643042251944,-0.016661239924405644,rlvr-dpo,1,1.0081004601074213,28,dpo,1.5527143851666272,-0.012476634455579554,normalized_mse,100,rlvr,1.540237750711048
literal,-0.025508485300971256,-0.048759071672602274,rlvr-dpo,2,1.0096705719326966,28,dpo,3.762890962498976,-0.03604077284146849,normalized_mse,100,rlvr,3.726850189657509
literal,-0.033615941709346134,-0.0824901038275756,rlvr-dpo,3,1.007435400472939,28,dpo,7.647667637859355,-0.05644378939307288,normalized_mse,98,rlvr,7.591223848466283
literal,-0.10210842545390533,-0.26687761773543084,rlvr-dpo,5,1.0098601874269377,28,dpo,18.727249014344533,-0.18285123779644463,normalized_mse,94,rlvr,18.54439777654808
literal,-0.0007443301955196056,-0.0022265696284191837,rlvr-dpo,1,1.00180976524852,28,dpo,0.8072020651375686,-0.0014582072332435846,perp_score,100,rlvr,0.8057438579043249
literal,0.00425549381925573,0.0022107424778747245,rlvr-dpo,1,0.9976712066789797,32,dpo,1.3891790435254432,0.003242662368730229,cos_score,100,rlvr,1.3924217058941732
literal,0.014265701001908104,-0.0013618955422303178,rlvr-dpo,1,0.9963661580050489,32,dpo,1.8079061937356382,0.006593605570548999,normalized_mse,100,rlvr,1.8144997993061873
literal,0.016445962976732512,-0.031308051913738366,rlvr-dpo,2,1.0011615264390463,32,dpo,4.383796465186076,-0.00508598798819456,normalized_mse,100,rlvr,4.378710477197881
literal,0.06606283834238949,-0.029088280448157207,rlvr-dpo,3,0.9975483440271364,32,dpo,8.718995735873975,0.0214285133158876,normalized_mse,98,rlvr,8.740424249189862
literal,0.08583936346130296,-0.14264346061656047,rlvr-dpo,5,1.0012693842992781,32,dpo,20.833189479251146,-0.02641179690853399,normalized_mse,94,rlvr,20.80677768234261
literal,0.00023166038836317752,-0.0013860131999395191,rlvr-dpo,1,1.000659373410335,32,dpo,0.807651202741043,-0.0005321928141217713,perp_score,100,rlvr,0.8071190099269212
natural,0.0010331921436058141,0.0007714397664474833,rlvr-dpo,0,0.9991369428065372,-1,dpo,1.0419802959933413,0.0009000653978197171,layer_smoothness,492,rlvr,1.042880361391161
natural,0.00035990767690075,0.00019227286127317304,rlvr-dpo,1,0.999812811765164,4,dpo,1.4806092656578633,0.0002772045243461999,cos_score,492,rlvr,1.4808864701822093
natural,-0.001302751822519778,-0.002150920688272851,rlvr-dpo,1,1.0006256378336116,4,dpo,2.7590156242688093,-0.001725065291955674,normalized_mse,492,rlvr,2.7572905589768535
natural,-0.007828995536208819,-0.010475609826161001,rlvr-dpo,2,1.0015580701847249,4,dpo,5.879009972343665,-0.009145660572550826,normalized_mse,492,rlvr,5.869864311771114
natural,-0.015040944508042492,-0.02192725916678328,rlvr-dpo,3,1.0014803033227855,4,dpo,12.41881724648435,-0.018356443330978807,normalized_mse,486,rlvr,12.40046080315337
natural,-0.0469071830895354,-0.07128530972058199,rlvr-dpo,5,1.0019025382515319,4,dpo,30.869739173434922,-0.05861933406693175,normalized_mse,466,rlvr,30.81111983936799
natural,0.00022152960053455,0.0001331560614312573,rlvr-dpo,1,0.9997846878858221,4,dpo,0.8240679266457225,0.00017747001895732084,perp_score,492,rlvr,0.8242453966646798
natural,-8.755077191153727e-05,-0.0003156967142271203,rlvr-dpo,1,1.0001357232726948,8,dpo,1.4741177954196385,-0.0002000449407781157,cos_score,492,rlvr,1.4739177504788605
natural,-0.026948226555152655,-0.028796659147872085,rlvr-dpo,1,1.0083820218874373,8,dpo,3.352245349520862,-0.027865028612023262,normalized_mse,492,rlvr,3.3243803209088383
natural,-0.06736781710067125,-0.07257284172081006,rlvr-dpo,2,1.0091021573167807,8,dpo,7.757111339406154,-0.06996957366814277,normalized_mse,492,rlvr,7.687141765738012
natural,-0.12071188203370924,-0.13145723435035897,rlvr-dpo,3,1.0080803786424661,8,dpo,15.72694683794471,-0.1260610642096423,normalized_mse,486,rlvr,15.600885773735067
natural,-0.2882703808739234,-0.3228311667404324,rlvr-dpo,5,1.0079148725832092,8,dpo,38.88021576172835,-0.3053154211060171,normalized_mse,466,rlvr,38.574900340622335
natural,-0.00020150033580385428,-0.00030076790469385,rlvr-dpo,1,1.0003002347601901,8,dpo,0.835339985035673,-0.0002507228243774364,perp_score,492,rlvr,0.8350892622112955
natural,-0.0003386154128533834,-0.0006428305603978034,rlvr-dpo,1,1.0003350027572495,12,dpo,1.4657241605833453,-0.0004908571966479539,cos_score,492,rlvr,1.465233303386697
natural,-0.024386643248300942,-0.026748894705078363,rlvr-dpo,1,1.0077922016380612,12,dpo,3.3080596599104983,-0.025577760830914037,normalized_mse,492,rlvr,3.2824818990795843
natural,-0.05403802097994763,-0.060089626834630275,rlvr-dpo,2,1.0074224740079782,12,dpo,7.74484773270748,-0.057062386908112654,normalized_mse,492,rlvr,7.687785345799368
natural,-0.09444022446441143,-0.10722357178900108,rlvr-dpo,3,1.0065774488358201,12,dpo,15.440766972899988,-0.10089720852333116,normalized_mse,486,rlvr,15.339869764376658
natural,-0.19840163623016843,-0.23948246817161814,rlvr-dpo,5,1.005853432410708,12,dpo,37.68604268297442,-0.2193089933024845,normalized_mse,466,rlvr,37.466733689671926
natural,-0.0003984512891219611,-0.0005350229941767811,rlvr-dpo,1,1.0005574646657134,12,dpo,0.8371880213514963,-0.0004664427151296322,perp_score,492,rlvr,0.8367215786363666
natural,0.00043539364715998707,1.3464180991197168e-05,rlvr-dpo,1,0.9998464029499767,16,dpo,1.4588533105884103,0.0002241099875559001,cos_score,492,rlvr,1.4590774205759662
natural,-0.021388795836649835,-0.024728210009390017,rlvr-dpo,1,1.0078906943589914,16,dpo,2.9478271084137924,-0.023078298932441364,normalized_mse,492,rlvr,2.9247488094813514
natural,-0.03292356878912714,-0.042181905569881564,rlvr-dpo,2,1.0054407063104893,16,dpo,6.958777606189525,-0.03765579113483433,normalized_mse,492,rlvr,6.921121815054691
natural,-0.042932050880594104,-0.06273878620575728,rlvr-dpo,3,1.003830387064879,16,dpo,13.95851823120772,-0.053262511642059585,normalized_mse,486,rlvr,13.905255719565659
natural,-0.04391818353231856,-0.10218428631894377,rlvr-dpo,5,1.0021747485303891,16,dpo,34.028661211084135,-0.07384319058970501,normalized_mse,466,rlvr,33.954818020494436
natural,-0.0006319969107434261,-0.0008535659644933139,rlvr-dpo,1,1.0008895565775962,16,dpo,0.8326467855172734,-0.0007400281279825716,perp_score,492,rlvr,0.8319067573892911
natural,0.00010654731387621694,-0.0005644252263331979,rlvr-dpo,1,1.000161482727824,20,dpo,1.4702789979248339,-0.00023738632945501093,cos_score,492,rlvr,1.4700416115953787
natural,-0.022238532546580866,-0.02693103334657324,rlvr-dpo,1,1.0091643109149322,20,dpo,2.710806287428435,-0.024617073136112503,normalized_mse,492,rlvr,2.6861892142923227
natural,-0.032330023485517695,-0.04445378242260429,rlvr-dpo,2,1.0061966671321294,20,dpo,6.246276085827517,-0.03846772205037604,normalized_mse,492,rlvr,6.207808363777141
natural,-0.05117278215465199,-0.07541683165196049,rlvr-dpo,3,1.0049901593803923,20,dpo,12.828409596495375,-0.06369794558280675,normalized_mse,486,rlvr,12.76471165091257
natural,-0.05819732783266185,-0.1321965973647236,rlvr-dpo,5,1.0030545665734574,20,dpo,31.65217551801993,-0.0963892499336604,normalized_mse,466,rlvr,31.55578626808627
natural,-0.0009400956419096393,-0.0012726430722227167,rlvr-dpo,1,1.0013228888608758,20,dpo,0.833815275509694,-0.0011015876619525312,perp_score,492,rlvr,0.8327136878477415
natural,-0.00010864920294047153,-0.0008865897256367578,rlvr-dpo,1,1.0003440901792044,24,dpo,1.4751994921101315,-0.0005074270569355788,cos_score,492,rlvr,1.4746920650531958
natural,-0.007495943470185437,-0.013389814184146018,rlvr-dpo,1,1.0045790127829153,24,dpo,2.301027194104872,-0.010488406388716068,normalized_mse,492,rlvr,2.2905387877161565
natural,-0.008381800751986454,-0.024177764683686695,rlvr-dpo,2,1.0031313417796066,24,dpo,5.270319429262721,-0.01645165566399847,normalized_mse,492,rlvr,5.2538677735987225
natural,-0.014803860859085444,-0.044792415535821,rlvr-dpo,3,1.0027943700495505,24,dpo,10.93183767909009,-0.03046247636540858,normalized_mse,486,rlvr,10.901375202724683
natural,0.034567373570947475,-0.05992020437663929,rlvr-dpo,5,1.0005205591391058,24,dpo,27.381573110013278,-0.014246312077556793,normalized_mse,466,rlvr,27.36732679793572
natural,-0.0008919261095319039,-0.0012740697916005233,rlvr-dpo,1,1.0012946710605106,24,dpo,0.8334329131057642,-0.001077626301888061,perp_score,492,rlvr,0.8323552868038762
natural,0.002503397441599953,0.001493883514163588,rlvr-dpo,1,0.9986476867995355,28,dpo,1.4656559795897992,0.001984709877906111,cos_score,492,rlvr,1.4676406894677052
natural,-0.0052299275728875366,-0.01159422824453208,rlvr-dpo,1,1.004150465863357,28,dpo,2.048304545095025,-0.008466279089823659,normalized_mse,492,rlvr,2.039838266005201
natural,-0.002615390556163459,-0.01882264001739542,rlvr-dpo,2,1.0023072826424588,28,dpo,4.669614654150012,-0.010749319121064308,normalized_mse,492,rlvr,4.658865335028946
natural,0.020385634074496856,-0.014220571863039882,rlvr-dpo,3,0.9997407967741871,28,dpo,9.569134135249438,0.002480993517614988,normalized_mse,486,rlvr,9.571615128767053
natural,0.17874395870123705,0.07345629548710086,rlvr-dpo,5,0.9948019404205449,28,dpo,23.82453172102482,0.12448843363348275,normalized_mse,466,rlvr,23.949020154658303
natural,-0.0008689300618145178,-0.0013627484032250458,rlvr-dpo,1,1.0013380648372436,28,dpo,0.8341147276417031,-0.001114608169285942,perp_score,492,rlvr,0.8330001194724173
natural,0.000160034679306424,-0.0006603503493785326,rlvr-dpo,1,1.0001730806054818,32,dpo,1.4639305491463106,-0.0002533341386032637,cos_score,492,rlvr,1.463677215007707
natural,-0.008316296446257827,-0.01400234208682286,rlvr-dpo,1,1.004319439403368,32,dpo,2.5663721010746356,-0.011037612478826208,normalized_mse,492,rlvr,2.5553344885958094
natural,-0.009988946211758767,-0.025561301027851365,rlvr-dpo,2,1.0030022782205592,32,dpo,5.915835609045982,-0.017707820601322026,normalized_mse,492,rlvr,5.8981277884446595
natural,-0.01421459255518946,-0.05621922588529074,rlvr-dpo,3,1.0028980222689785,32,dpo,12.010712595057282,-0.03470673168546848,normalized_mse,486,rlvr,11.976005863371814
natural,-0.07603383551800885,-0.16924550295229876,rlvr-dpo,5,1.0041161572168122,32,dpo,29.762658081392395,-0.12200558568125011,normalized_mse,466,rlvr,29.640652495711148
natural,-0.0008091098020659629,-0.0013003447973769704,rlvr-dpo,1,1.0012606460342102,32,dpo,0.8314242647013457,-0.001046812042591927,perp_score,492,rlvr,0.8303774526587538
natural-clean,0.0013882471887922258,0.0007765101681339945,rlvr-dpo,0,0.9989654173478362,-1,dpo,1.0428992911637638,0.0010800829496749387,layer_smoothness,100,rlvr,1.0439793741134384
natural-clean,0.00047873498069558694,7.416701004993015e-05,rlvr-dpo,1,0.9998113930846384,4,dpo,1.4561373126638641,0.0002746893752001145,cos_score,100,rlvr,1.4564120020390643
natural-clean,-0.0013558430393939501,-0.00346546830070183,rlvr-dpo,1,1.0008924827831935,4,dpo,2.675968651752815,-0.002386126373349281,normalized_mse,100,rlvr,2.6735825253794667
natural-clean,-0.007116386791377371,-0.015070520489921886,rlvr-dpo,2,1.0017971810986337,4,dpo,6.0241931211024635,-0.01080714361752662,normalized_mse,100,rlvr,6.013385977484939
natural-clean,-0.014918523264806582,-0.035954476744000916,rlvr-dpo,3,1.0020145837628442,4,dpo,12.228904975532098,-0.024586621592428262,normalized_mse,98,rlvr,12.20431835393967
natural-clean,-0.030887836323083975,-0.07844193430544127,rlvr-dpo,5,1.0017722711281323,4,dpo,30.020938789849396,-0.05311111575962898,normalized_mse,92,rlvr,29.967827674089765
natural-clean,0.00037178004574673094,0.000130173215796915,rlvr-dpo,1,0.9996968339946024,4,dpo,0.8139547055711712,0.000246838229622659,perp_score,100,rlvr,0.8142015438007939
natural-clean,-0.0001306481820025969,-0.0007493704788210477,rlvr-dpo,1,1.00029841679482,8,dpo,1.457288003985184,-0.00043474947873272106,cos_score,100,rlvr,1.4568532545064514
natural-clean,-0.025823593642122347,-0.030252635607552432,rlvr-dpo,1,1.0086009179941076,8,dpo,3.2834146575177012,-0.027999558305107707,normalized_mse,100,rlvr,3.255415099212594
natural-clean,-0.06312370131185302,-0.0755998292036507,rlvr-dpo,2,1.0088860494796335,8,dpo,7.874370691057496,-0.06935574896471301,normalized_mse,100,rlvr,7.805014942092782
natural-clean,-0.1151527485539947,-0.14022792812396181,rlvr-dpo,3,1.0083061341334107,8,dpo,15.486454903868616,-0.12757293378275475,normalized_mse,98,rlvr,15.358881970085857
natural-clean,-0.2810163516418554,-0.3755165085608431,rlvr-dpo,5,1.0086332291169582,8,dpo,38.24078015860938,-0.32731562592830377,normalized_mse,92,rlvr,37.913464532681076
natural-clean,-0.00020741145916053794,-0.0004901336734149242,rlvr-dpo,1,1.0004180590108143,8,dpo,0.8286308406964212,-0.0003462718275339527,perp_score,100,rlvr,0.8282845688688871
natural-clean,-9.908635705664821e-06,-0.0009001646325773401,rlvr-dpo,1,1.0003184130977836,12,dpo,1.449852255057536,-0.00046150499862514184,cos_score,100,rlvr,1.449390750058911
natural-clean,-0.02215481186040179,-0.028192037139442936,rlvr-dpo,1,1.0077836237581288,12,dpo,3.259336987267895,-0.02517351166636414,normalized_mse,100,rlvr,3.2341634756015303
natural-clean,-0.04821693908325079,-0.06281201999511724,rlvr-dpo,2,1.0071160127387433,12,dpo,7.877287870673043,-0.05565881201910612,normalized_mse,100,rlvr,7.821629058653937
natural-clean,-0.08114686209502138,-0.11210732801639517,rlvr-dpo,3,1.0063679578195956,12,dpo,15.312934866028156,-0.09689509941507754,normalized_mse,98,rlvr,15.216039766613076
natural-clean,-0.14539381818882524,-0.25094787466462454,rlvr-dpo,5,1.0053627158372915,12,dpo,37.5209520372806,-0.2001409049200798,normalized_mse,92,rlvr,37.320811132360525
natural-clean,-0.00033409850303378326,-0.0006651639711000079,rlvr-dpo,1,1.0006040548634336,12,dpo,0.8313103910033933,-0.0005018539373969111,perp_score,100,rlvr,0.8308085370659964
natural-clean,0.0006498176369266729,-0.00035317744417691675,rlvr-dpo,1,0.9998993533450108,16,dpo,1.4395219971056619,0.00014489765725661074,cos_score,100,rlvr,1.4396668947629185
natural-clean,-0.018140380136994146,-0.024746741005696852,rlvr-dpo,1,1.007502793283536,16,dpo,2.888688318872015,-0.021511832484779413,normalized_mse,100,rlvr,2.8671764863872364
natural-clean,-0.016876134547093347,-0.03839282747528148,rlvr-dpo,2,1.003973877919923,16,dpo,7.077701059467419,-0.028014593389922994,normalized_mse,100,rlvr,7.049686466077494
natural-clean,-0.004702803531413128,-0.051129330316536534,rlvr-dpo,3,1.0020243850571313,16,dpo,13.794523931769723,-0.027869010509284902,normalized_mse,98,rlvr,13.76665492126044
natural-clean,0.048424039547787075,-0.11071534018952484,rlvr-dpo,5,1.0010208221854995,16,dpo,33.84068032404445,-0.034510088583136075,normalized_mse,92,rlvr,33.806170235461316
natural-clean,-0.000784995751953513,-0.0014153509306494242,rlvr-dpo,1,1.0013270501349887,16,dpo,0.8253434563535041,-0.0010938205904038845,perp_score,100,rlvr,0.8242496357631004
natural-clean,0.0007540259696801218,-0.0007980590065142191,rlvr-dpo,1,1.000045794250618,20,dpo,1.4466342649606727,-6.624449846487579e-05,cos_score,100,rlvr,1.4465680204622078
natural-clean,-0.01824360141268674,-0.02795341931875121,rlvr-dpo,1,1.0089115999164813,20,dpo,2.6326451689891623,-0.02325385144747029,normalized_mse,100,rlvr,2.6093913175416907
natural-clean,-0.020588174227477756,-0.04679873283739153,rlvr-dpo,2,1.0054227313179513,20,dpo,6.334468634558253,-0.03416485462007752,normalized_mse,100,rlvr,6.300303779938175
natural-clean,-0.018758115423626456,-0.07633760541752742,rlvr-dpo,3,1.003887098479081,20,dpo,12.577279039785958,-0.04869982122551196,normalized_mse,98,rlvr,12.528579218560445
natural-clean,-0.013080307344095371,-0.17884156746379698,rlvr-dpo,5,1.0031322031906003,20,dpo,31.709080227109297,-0.099009165434473,normalized_mse,92,rlvr,31.610071061674816
natural-clean,-0.0010292947258266425,-0.0018030752913064099,rlvr-dpo,1,1.0017058978231468,20,dpo,0.8249758008045275,-0.0014049277595345,perp_score,100,rlvr,0.8235708730449929
natural-clean,0.000470975747497042,-0.0013390433661551856,rlvr-dpo,1,1.0003392787748877,24,dpo,1.449998964585172,-0.0004917870193952512,cos_score,100,rlvr,1.4495071775657766
natural-clean,-0.00039407099484264777,-0.014750729044201126,rlvr-dpo,1,1.0036031540579062,24,dpo,2.219788163510361,-0.007969523308795013,normalized_mse,100,rlvr,2.211818640201566
natural-clean,0.007341175498551261,-0.02658647312823813,rlvr-dpo,2,1.0019717871246876,24,dpo,5.345724828228947,-0.010519888407909255,normalized_mse,100,rlvr,5.335204939821039
natural-clean,0.025584958160740762,-0.04039316842824763,rlvr-dpo,3,1.0008547155920695,24,dpo,10.692419062380491,-0.009131172733846709,normalized_mse,98,rlvr,10.683287889646643
natural-clean,0.16451304692422583,-0.06083279883089116,rlvr-dpo,5,0.9985578284676141,24,dpo,27.440172293862414,0.03963058943386843,normalized_mse,92,rlvr,27.47980288329628
natural-clean,-0.0009614970214294246,-0.0017718891082784353,rlvr-dpo,1,1.0016539034990382,24,dpo,0.823640903931183,-0.0013599733083495956,perp_score,100,rlvr,0.8222809306228336
natural-clean,0.0033404633519914452,0.0007416631222005851,rlvr-dpo,1,0.9986609027926584,28,dpo,1.4405097324424967,0.001931569118674874,cos_score,100,rlvr,1.4424413015611715
natural-clean,0.0011934856595910168,-0.015695928398059313,rlvr-dpo,1,1.0039765589257732,28,dpo,1.9860335429124591,-0.007866298611995236,normalized_mse,100,rlvr,1.978167244300464
natural-clean,0.012429994859135922,-0.024397511313270465,rlvr-dpo,2,1.0015188412297327,28,dpo,4.744962597003305,-0.0071959153729146234,normalized_mse,100,rlvr,4.737766681630391
natural-clean,0.058644654517852765,-0.02073656171538875,rlvr-dpo,3,0.9982416971458732,28,dpo,9.412567005003318,0.01657929485101492,normalized_mse,98,rlvr,9.429146299854331
natural-clean,0.31502966003931115,0.057559628276590266,rlvr-dpo,5,0.9927588970445126,28,dpo,24.057792450283976,0.17547558881907022,normalized_mse,92,rlvr,24.233268039103045
natural-clean,-0.0008727038954804262,-0.0019264491706849234,rlvr-dpo,1,1.0017004820613804,28,dpo,0.825064959079389,-0.0014006264222820842,perp_score,100,rlvr,0.8236643326571068
natural-clean,-8.080965287008084e-05,-0.0019252311983660039,rlvr-dpo,1,1.00071164487557,32,dpo,1.4425613527761236,-0.0010258613454287224,cos_score,100,rlvr,1.4415354914306946
natural-clean,-0.008321831915160708,-0.019691074626190973,rlvr-dpo,1,1.0056898754345158,32,dpo,2.5009924521989326,-0.014149824775285041,normalized_mse,100,rlvr,2.486842627423648
natural-clean,-0.0018241746287364746,-0.03623282569851559,rlvr-dpo,2,1.0032502250797346,32,dpo,6.006395453695544,-0.01945889136566543,normalized_mse,100,rlvr,5.986936562329879
natural-clean,0.012235289157572767,-0.07520186473470292,rlvr-dpo,3,1.0025826301975909,32,dpo,11.876145322870924,-0.030592681957573975,normalized_mse,98,rlvr,11.845552640913349
natural-clean,-0.020603449555998583,-0.2829256736779175,rlvr-dpo,5,1.0050796580870354,32,dpo,30.27430120264166,-0.15300588137067844,normalized_mse,92,rlvr,30.121295321270985
natural-clean,-0.0011620887421058337,-0.0019214276182042585,rlvr-dpo,1,1.0018756684155508,32,dpo,0.8234190686665787,-0.0015415696663267553,perp_score,100,rlvr,0.8218774990002521
