boundary_mode,ci95_high,ci95_low,horizon,layer,mean,metric,model,n_problems
natural,1.0354635492166366,1.0301623087697622,0,-1,1.0328011687879108,layer_smoothness,A,100
natural,1.5118842005772977,1.459366866901488,1,4,1.4850928081794876,cos_score,A,100
natural,3.147658328476649,2.7594279241572712,1,4,2.9557842756942585,normalized_mse,A,100
natural,6.4505006497969894,5.777052087384,2,4,6.118045647975802,normalized_mse,A,100
natural,13.821958651198738,12.29033159633537,3,4,13.057879720126698,normalized_mse,A,98
natural,33.99904290241037,30.33932473758452,5,4,32.189595681386415,normalized_mse,A,94
natural,0.8379978161679889,0.8161119393604398,1,4,0.8269508937718077,perp_score,A,100
natural,1.5001760979068535,1.4646012250816542,1,8,1.4821158344617782,cos_score,A,100
natural,3.3169113774407983,3.0597912835886345,1,8,3.1903841818297773,normalized_mse,A,100
natural,7.505076038318647,7.035858340988688,2,8,7.273745144821174,normalized_mse,A,100
natural,15.43137851680239,14.400633582014835,3,8,14.920487460494487,normalized_mse,A,98
natural,37.91306860330331,35.49657170703168,5,8,36.73348765310923,normalized_mse,A,94
natural,0.8438122658472756,0.829687668923884,1,8,0.8368297452475371,perp_score,A,100
natural,1.4901996443536827,1.4581624775324975,1,12,1.4738744944524453,cos_score,A,100
natural,3.3362993619646573,3.12541182063663,1,12,3.232880617600015,normalized_mse,A,100
natural,7.670996687294031,7.29652524317397,2,12,7.490106131456695,normalized_mse,A,100
natural,15.615405846125206,14.808166931694698,3,12,15.213760525620488,normalized_mse,A,98
natural,38.623378322268785,36.55768552451744,5,12,37.59744260177801,normalized_mse,A,94
natural,0.843406090171528,0.8313032026773597,1,12,0.8373642244877848,perp_score,A,100
natural,1.489559791694672,1.4535359814563753,1,16,1.4712267154113414,cos_score,A,100
natural,2.8997585741596357,2.709063054238464,1,16,2.805073532925058,normalized_mse,A,100
natural,6.771044934296598,6.3947922565791675,2,16,6.58451694413737,normalized_mse,A,100
natural,13.963134889386266,13.19112497224475,3,16,13.579143793898101,normalized_mse,A,98
natural,35.137636763703036,32.933604325550355,5,16,34.025313462684736,normalized_mse,A,94
natural,0.8412217713957465,0.8265292050772928,1,16,0.8338338047263291,perp_score,A,100
natural,1.4899557383716835,1.4443420491103796,1,20,1.4665337564682155,cos_score,A,100
natural,2.362893034830256,2.164253992280304,1,20,2.2637249025714166,normalized_mse,A,100
natural,5.412372018098468,5.040361597908662,2,20,5.226202715826703,normalized_mse,A,100
natural,11.356767421591801,10.569180351838147,3,20,10.961508440897022,normalized_mse,A,98
natural,28.59785570020028,26.484729350799448,5,20,27.533429267217734,normalized_mse,A,94
natural,0.837962944327566,0.8196995667281172,1,20,0.8287218988867356,perp_score,A,100
natural,1.4919614028123083,1.4419037431187975,1,24,1.466075713723289,cos_score,A,100
natural,1.9952237819187508,1.8078486359498824,1,24,1.901104998747982,normalized_mse,A,100
natural,4.495796318022003,4.146352598072395,2,24,4.320430048033115,normalized_mse,A,100
natural,9.506040423070809,8.761961383454919,3,24,9.13006740117783,normalized_mse,A,98
natural,24.03192143198922,22.006077453733482,5,24,23.019230140536834,normalized_mse,A,94
natural,0.8373775192233267,0.8176496802331361,1,24,0.8274570555024492,perp_score,A,100
natural,1.483291931835409,1.4323346376549209,1,28,1.4570232966903616,cos_score,A,100
natural,1.849186542005249,1.6715822591792235,1,28,1.7597589576730772,normalized_mse,A,100
natural,4.078203334907284,3.763868165352647,2,28,3.922836326346714,normalized_mse,A,100
natural,8.558313231649564,7.869795100704715,3,28,8.211440984853903,normalized_mse,A,98
natural,21.295609283796303,19.503596763829023,5,28,20.400560256147962,normalized_mse,A,94
natural,0.8391146220945258,0.8193767720842561,1,28,0.8292203488826011,perp_score,A,100
natural,1.48779941656817,1.4326976774546378,1,32,1.4594639769697095,cos_score,A,100
natural,1.748810602390103,1.5648666932889017,1,32,1.6576184324374312,normalized_mse,A,100
natural,3.930350116244068,3.548442178105883,2,32,3.7386944057361733,normalized_mse,A,100
natural,8.38354467566749,7.549569597714583,3,32,7.960948230720605,normalized_mse,A,98
natural,21.454554020574825,19.08400335949046,5,32,20.264180217025213,normalized_mse,A,94
natural,0.8338151662652139,0.8131295298333068,1,32,0.8233992439690211,perp_score,A,100
natural,0.8997353065655603,0.8963367368762022,0,-1,0.8980310939639352,layer_smoothness,A1,100
natural,1.5099194276740744,1.455014240826434,1,4,1.4818590580800972,cos_score,A1,100
natural,2.746445255962551,2.3891001267722367,1,4,2.571223267398498,normalized_mse,A1,100
natural,5.608577427761517,4.985640775653267,2,4,5.299439594884529,normalized_mse,A1,100
natural,12.090297905281346,10.68175929992901,3,4,11.389367089651385,normalized_mse,A1,98
natural,29.775047296419896,26.420708218627844,5,4,28.121218341187056,normalized_mse,A1,94
natural,0.8335930614757915,0.8104364324359992,1,4,0.8219832485266941,perp_score,A1,100
natural,1.499829206438433,1.4594862277515375,1,8,1.479308227810607,cos_score,A1,100
natural,2.8071465202861634,2.5440921738841302,1,8,2.676931944468152,normalized_mse,A1,100
natural,6.244926427915701,5.760617930065007,2,8,6.005038658447716,normalized_mse,A1,100
natural,13.002128098121213,11.980618459105681,3,8,12.49677782634533,normalized_mse,A1,98
natural,32.09220613068982,29.693265590561303,5,8,30.918815466096813,normalized_mse,A1,94
natural,0.8365864897035549,0.8197805853765312,1,8,0.8282479561951503,perp_score,A1,100
natural,1.4730349457763137,1.4312126555294102,1,12,1.4518451625555833,cos_score,A1,100
natural,2.3393527117636337,2.1362085265275126,1,12,2.237708258594377,normalized_mse,A1,100
natural,5.414101535577299,5.006332654621622,2,12,5.21091456620329,normalized_mse,A1,100
natural,11.197232565408214,10.421351203660105,3,12,10.808416631218257,normalized_mse,A1,98
natural,28.461367090751665,26.299915667072217,5,12,27.364354179668588,normalized_mse,A1,94
natural,0.8244831579811791,0.8065127634245319,1,12,0.8155408928637371,perp_score,A1,100
natural,1.4682700810615574,1.417801811789948,1,16,1.4425826720600063,cos_score,A1,100
natural,1.2658008950132134,1.1185247498127922,1,16,1.1919385491431012,normalized_mse,A1,100
natural,2.903774587696255,2.6063675466624208,2,16,2.7543985727565565,normalized_mse,A1,100
natural,6.213985864484768,5.610637251901187,3,16,5.910946556445537,normalized_mse,A1,98
natural,15.991323786164113,14.330659910173308,5,16,15.144722200048966,normalized_mse,A1,94
natural,0.8148704291444742,0.7915955615775019,1,16,0.8033807964449511,perp_score,A1,100
natural,1.4473872926518991,1.3833459420910228,1,20,1.4147509993300182,cos_score,A1,100
natural,0.7062893864810509,0.6114768456276518,1,20,0.6589971762033515,normalized_mse,A1,100
natural,1.642122649067355,1.4273269695184458,2,20,1.533457450986334,normalized_mse,A1,100
natural,3.542977275641621,3.1489249188212507,3,20,3.3443880902224223,normalized_mse,A1,98
natural,9.368412344998845,8.207696456656407,5,20,8.776122629545597,normalized_mse,A1,94
natural,0.7987376493197881,0.7693701003711021,1,20,0.7842919414614978,perp_score,A1,100
natural,1.4315967960749938,1.3622477066254692,1,24,1.396207857869255,cos_score,A1,100
natural,0.4336279005764023,0.370723516315726,1,24,0.4019531714810715,normalized_mse,A1,100
natural,1.0192176568777795,0.8669005324480223,2,24,0.941887155427378,normalized_mse,A1,100
natural,2.1679491617275146,1.9025374334639875,3,24,2.0335617397083197,normalized_mse,A1,98
natural,5.749019294529289,4.958614374065712,5,24,5.346320526988766,normalized_mse,A1,94
natural,0.7907491449218665,0.759510938447636,1,24,0.775337339495102,perp_score,A1,100
natural,1.416207086889224,1.3412271191052088,1,28,1.3780614221014997,cos_score,A1,100
natural,0.3036784083542698,0.2571858273785367,1,28,0.2802856295146134,normalized_mse,A1,100
natural,0.711116173599173,0.598244118671883,2,28,0.6533912966298832,normalized_mse,A1,100
natural,1.5062993481880944,1.310655740833156,3,28,1.406720330773791,normalized_mse,A1,98
natural,3.9789410381393293,3.4040315746888155,5,28,3.6848615824304845,normalized_mse,A1,94
natural,0.7852781439655302,0.7527004159649461,1,28,0.7690827600753991,perp_score,A1,100
natural,1.337938830635986,1.2225618379059386,1,32,1.2809654791702776,cos_score,A1,100
natural,0.11684062410507619,0.09187604619392122,1,32,0.1039697889599921,normalized_mse,A1,100
natural,0.2633060441254767,0.20231006952214659,2,32,0.23183535366073646,normalized_mse,A1,100
natural,0.5217697355021746,0.413112335063571,3,32,0.465891952661457,normalized_mse,A1,98
natural,1.3107894280537595,1.009130564250114,5,32,1.1544711608173963,normalized_mse,A1,94
natural,0.7160909567050227,0.6748921064615772,1,32,0.6959656016237079,perp_score,A1,100
natural,1.0356848207678795,1.0303356895295053,0,-1,1.0330023114259115,layer_smoothness,A2,100
natural,1.5126311045488094,1.4602761959058295,1,4,1.4859275443039577,cos_score,A2,100
natural,3.1410191120268696,2.7545810359566048,1,4,2.949906776187334,normalized_mse,A2,100
natural,6.43745867748731,5.77086657933228,2,4,6.107859016834991,normalized_mse,A2,100
natural,13.800188442399424,12.279159766374626,3,4,13.04233522850655,normalized_mse,A2,98
natural,33.931373470931845,30.31717412989565,5,4,32.1498243131313,normalized_mse,A2,94
natural,0.8384169158938711,0.8166482963993343,1,4,0.827436081895716,perp_score,A2,100
natural,1.5003265843362152,1.4645111151893437,1,8,1.4821170573507518,cos_score,A2,100
natural,3.299657004102012,3.0435811512177464,1,8,3.17376004245587,normalized_mse,A2,100
natural,7.460863300574976,6.992488320815155,2,8,7.230004777230275,normalized_mse,A2,100
natural,15.339086974776887,14.313782271038084,3,8,14.832472095982535,normalized_mse,A2,98
natural,37.63484553329487,35.24459945105617,5,8,36.46402011439798,normalized_mse,A2,94
natural,0.8439145902779904,0.8298018360795627,1,8,0.8369386731810025,perp_score,A2,100
natural,1.4898135407876754,1.4576568073849636,1,12,1.4734205624999561,cos_score,A2,100
natural,3.3375068524370097,3.126312435516152,1,12,3.2333969211338722,normalized_mse,A2,100
natural,7.66587982927519,7.295025526685296,2,12,7.4867644268330045,normalized_mse,A2,100
natural,15.604274402688775,14.802752813519819,3,12,15.205617138222797,normalized_mse,A2,98
natural,38.548650170980004,36.51955611866599,5,12,37.54087272528089,normalized_mse,A2,94
natural,0.8434370506654977,0.8312715718670242,1,12,0.8373568602205826,perp_score,A2,100
natural,1.489758360799636,1.4540165777768481,1,16,1.471594137833659,cos_score,A2,100
natural,2.8912272425473553,2.702995418921566,1,16,2.7976655499702656,normalized_mse,A2,100
natural,6.751075370678322,6.382617353247743,2,16,6.568126405481652,normalized_mse,A2,100
natural,13.915634462240552,13.1597702202957,3,16,13.538635261519197,normalized_mse,A2,98
natural,34.99945414335155,32.83856127399396,5,16,33.90638592623734,normalized_mse,A2,94
natural,0.8413662668766695,0.8267388198368176,1,16,0.8340069369203325,perp_score,A2,100
natural,1.4914932896704904,1.4462341182086782,1,20,1.4682590406933855,cos_score,A2,100
natural,2.3488447833344828,2.150848960874968,1,20,2.249850322305324,normalized_mse,A2,100
natural,5.3733771822798095,5.0061577214163835,2,20,5.189453073967888,normalized_mse,A2,100
natural,11.273621705787535,10.49744358640818,3,20,10.885797264441537,normalized_mse,A2,98
natural,28.340030744147967,26.27157981682457,5,20,27.29866455738491,normalized_mse,A2,94
natural,0.8383128956286546,0.8200924444143373,1,20,0.829112619020217,perp_score,A2,100
natural,1.4941910349408376,1.4446759989760145,1,24,1.468613247996922,cos_score,A2,100
natural,1.9880910930651,1.7997598160373722,1,24,1.8933268743714793,normalized_mse,A2,100
natural,4.470882951873907,4.127517128651561,2,24,4.299056350316618,normalized_mse,A2,100
natural,9.462185628929955,8.72449545214143,3,24,9.091773419204948,normalized_mse,A2,98
natural,23.872776105283172,21.86990038037066,5,24,22.872961232536497,normalized_mse,A2,94
natural,0.8376704351839515,0.8180325359211704,1,24,0.8277686214015837,perp_score,A2,100
natural,1.4861970924600412,1.4354610238582253,1,28,1.4600024264986027,cos_score,A2,100
natural,1.8394011077194072,1.6612347293632148,1,28,1.7498032545380826,normalized_mse,A2,100
natural,4.053576970396189,3.743061947755124,2,28,3.900239522016511,normalized_mse,A2,100
natural,8.516950453867535,7.832505341286472,3,28,8.17200122306421,normalized_mse,A2,98
natural,21.166221867674963,19.376348781862617,5,28,20.273405772468035,normalized_mse,A2,94
natural,0.8393354395221991,0.8195719161965066,1,28,0.8294058818227582,perp_score,A2,100
natural,1.4901400182506552,1.4352412960466143,1,32,1.4619008674814469,cos_score,A2,100
natural,1.715449741000549,1.5343952500542126,1,32,1.625542549932508,normalized_mse,A2,100
natural,3.846221536274497,3.473884538735899,2,32,3.6604065491886413,normalized_mse,A2,100
natural,8.226784103618535,7.40013416885355,3,32,7.807047477356928,normalized_mse,A2,98
natural,21.03728737858896,18.67387479371407,5,32,19.85783129388396,normalized_mse,A2,94
natural,0.833779550517659,0.8130728274679255,1,32,0.8233976563235339,perp_score,A2,100
natural,1.0361256393139087,1.0305687364981029,0,-1,1.0332970660079537,layer_smoothness,B2,100
natural,1.5122436271880266,1.460155702499213,1,4,1.4856300282603832,cos_score,B2,100
natural,3.2080247065748257,2.818680759028755,1,4,3.0155989283373894,normalized_mse,B2,100
natural,6.593290872501597,5.915685803080592,2,4,6.258996151085795,normalized_mse,B2,100
natural,14.096437702507167,12.56084430860671,3,4,13.336748647291309,normalized_mse,B2,98
natural,34.753444006975826,31.06751449108226,5,4,32.932717034019284,normalized_mse,B2,94
natural,0.8383536836818217,0.8165612863361965,1,4,0.8273696149729527,perp_score,B2,100
natural,1.499776785732754,1.4652417657961607,1,8,1.4822992513072726,cos_score,B2,100
natural,3.359746260021313,3.107619399987957,1,8,3.2353741058312706,normalized_mse,B2,100
natural,7.623994902605611,7.160547386360314,2,8,7.3959182937838115,normalized_mse,B2,100
natural,15.650966211575726,14.622997222959988,3,8,15.140296815955724,normalized_mse,B2,98
natural,38.391651232294095,36.01614500884751,5,8,37.23014136396433,normalized_mse,B2,94
natural,0.8445513791554352,0.8309066872126751,1,8,0.8378014764606065,perp_score,B2,100
natural,1.4893595923118204,1.4580595087605532,1,12,1.4734308551028608,cos_score,B2,100
natural,3.3515664888198797,3.1445127846031196,1,12,3.2497326988868718,normalized_mse,B2,100
natural,7.660347275629502,7.2902539679517036,2,12,7.482642283304374,normalized_mse,B2,100
natural,15.506493213888135,14.71194720043549,3,12,15.112114156220285,normalized_mse,B2,98
natural,37.91966323880832,36.01345381103446,5,12,36.97249139175366,normalized_mse,B2,94
natural,0.8461988453315291,0.8348305807326188,1,12,0.8405176880341791,perp_score,B2,100
natural,1.4863835376791266,1.4504502474154088,1,16,1.4679859716426702,cos_score,B2,100
natural,2.930481138095401,2.737391150786317,1,16,2.834606716635047,normalized_mse,B2,100
natural,6.745308088928032,6.382760415285328,2,16,6.566106046275828,normalized_mse,B2,100
natural,13.792020542046389,13.021206111937513,3,16,13.406935630059749,normalized_mse,B2,98
natural,34.044392788600014,32.099811118587375,5,16,33.06661428411727,normalized_mse,B2,94
natural,0.8451153633275438,0.8315594278787147,1,16,0.8382836324187715,perp_score,B2,100
natural,1.4865625879890005,1.4419926226960582,1,20,1.4636187645203895,cos_score,B2,100
natural,2.47871345582764,2.2755905548272337,1,20,2.3769565635421093,normalized_mse,B2,100
natural,5.581996778774005,5.208684928116392,2,20,5.395816470192188,normalized_mse,B2,100
natural,11.581306533860857,10.760917710950046,3,20,11.171949348869992,normalized_mse,B2,98
natural,28.667712080556996,26.58494362713158,5,20,27.6166610662315,normalized_mse,B2,94
natural,0.8441600036922631,0.8276866251567849,1,20,0.8358136630020293,perp_score,B2,100
natural,1.4894508491735174,1.4400536512971973,1,24,1.4638712403562926,cos_score,B2,100
natural,2.152858960957119,1.948685959197983,1,24,2.0498637732891076,normalized_mse,B2,100
natural,4.758510034780454,4.394339187652446,2,24,4.576940031271719,normalized_mse,B2,100
natural,9.995773299053717,9.159669835086873,3,24,9.574894060368136,normalized_mse,B2,98
natural,24.916671453054505,22.751319736430652,5,24,23.825177499772344,normalized_mse,B2,94
natural,0.8435996772792426,0.8256605791899694,1,24,0.8345277005627889,perp_score,B2,100
natural,1.4857180016722025,1.4345043784159086,1,28,1.4592061932208267,cos_score,B2,100
natural,2.0387479947223675,1.8280536665340075,1,28,1.9319160468811674,normalized_mse,B2,100
natural,4.368588944110688,4.022795199177325,2,28,4.196233232935785,normalized_mse,B2,100
natural,9.171028587829571,8.326570090614489,3,28,8.742651771974566,normalized_mse,B2,98
natural,22.422224422348943,20.3275461204079,5,28,21.368382780511816,normalized_mse,B2,94
natural,0.8463530896179778,0.8283492879586943,1,28,0.837281850706284,perp_score,B2,100
natural,1.4823655084271923,1.4266289308013276,1,32,1.4537103586501425,cos_score,B2,100
natural,1.7604822488858591,1.5659976717171762,1,32,1.6636449423160833,normalized_mse,B2,100
natural,3.795050630379861,3.439878696115236,2,32,3.6187344283593283,normalized_mse,B2,100
natural,8.055193102844122,7.206336021575106,3,32,7.632200695626639,normalized_mse,B2,98
natural,20.090958520815022,17.89292261624349,5,32,18.980699243119666,normalized_mse,B2,94
natural,0.8383025819395757,0.8189643278698793,1,32,0.828532943490004,perp_score,B2,100
natural,1.0072301976930922,1.003094326216932,0,-1,1.005202722956308,layer_smoothness,C,100
natural,1.5132423055503887,1.461327435935125,1,4,1.4865978236092243,cos_score,C,100
natural,3.1410487734112826,2.760495458884172,1,4,2.9529982709699074,normalized_mse,C,100
natural,6.457726867168552,5.793015093870462,2,4,6.130138498880463,normalized_mse,C,100
natural,13.81283538869224,12.304843781459203,3,4,13.064154881179038,normalized_mse,C,98
natural,34.03059536271566,30.445068682793668,5,4,32.26762364040201,normalized_mse,C,94
natural,0.8383864246978244,0.8165864061853368,1,4,0.827384886841196,perp_score,C,100
natural,1.5015774007390876,1.4663746134663502,1,8,1.4837749092403913,cos_score,C,100
natural,3.325404244161417,3.0676894085660575,1,8,3.1985581212817387,normalized_mse,C,100
natural,7.527338287848408,7.049996571412538,2,8,7.290475118603525,normalized_mse,C,100
natural,15.476099026946825,14.427881809488706,3,8,14.956902893326545,normalized_mse,C,98
natural,37.98945215233771,35.550610642050756,5,8,36.79663211966114,normalized_mse,C,94
natural,0.8440593636361283,0.8301212397377494,1,8,0.837157815741647,perp_score,C,100
natural,1.4895268013713454,1.457191871252802,1,12,1.4730461708122653,cos_score,C,100
natural,3.265237270194609,3.0546575147866797,1,12,3.1612591373523027,normalized_mse,C,100
natural,7.4375164113012975,7.0652498836234905,2,12,7.2581260457294015,normalized_mse,C,100
natural,15.113100666481493,14.309395938232207,3,12,14.714486221559703,normalized_mse,C,98
natural,36.98448736837961,35.07041457039801,5,12,36.03996846612085,normalized_mse,C,94
natural,0.844772873675737,0.8327663213942851,1,12,0.8387887193584898,perp_score,C,100
natural,1.4833407507899419,1.4457609460666745,1,16,1.4640904066103926,cos_score,C,100
natural,2.73031389435596,2.5427166394968075,1,16,2.63731759459909,normalized_mse,C,100
natural,6.307428036602822,5.9510691046688295,2,16,6.132678859181798,normalized_mse,C,100
natural,12.996726892213289,12.248383216138244,3,16,12.62355003228851,normalized_mse,C,98
natural,32.32478283783591,30.45274142830854,5,16,31.385735386765816,normalized_mse,C,94
natural,0.8408933244190282,0.8260394601227449,1,16,0.8334375670593898,perp_score,C,100
natural,1.476570531969778,1.4281149385790426,1,20,1.451696926684071,cos_score,C,100
natural,2.155852865000762,1.9807134455184707,1,20,2.068454262970097,normalized_mse,C,100
natural,4.934838938810984,4.584067565513254,2,20,4.758440957567376,normalized_mse,C,100
natural,10.340752142442268,9.607962174713194,3,20,9.968648860409475,normalized_mse,C,98
natural,25.981979352993324,24.126164433433836,5,20,25.045485948622694,normalized_mse,C,94
natural,0.8356628346254183,0.8166460872359748,1,20,0.8261036008680422,perp_score,C,100
natural,1.472231915652361,1.4195885850972747,1,24,1.4450990314217613,cos_score,C,100
natural,1.5810739622538517,1.4451357894926833,1,24,1.513397168752974,normalized_mse,C,100
natural,3.635838643104628,3.326047593061127,2,24,3.4770706339717616,normalized_mse,C,100
natural,7.5990213472548485,6.996311662426151,3,24,7.294143137346883,normalized_mse,C,98
natural,19.3228185874439,17.711962619480083,5,24,18.507464792995904,normalized_mse,C,94
natural,0.8334695626115245,0.8133966965417756,1,24,0.8233803712061861,perp_score,C,100
natural,1.4523698312348134,1.3946617574057267,1,28,1.4227530220466198,cos_score,C,100
natural,1.2483389004095002,1.1363002980500556,1,28,1.1928712518699454,normalized_mse,C,100
natural,2.8258181588134876,2.5679833594392254,2,28,2.692584375086887,normalized_mse,C,100
natural,5.865774430114955,5.3564907278334415,3,28,5.606592978648461,normalized_mse,C,98
natural,14.715643317446848,13.391358096425675,5,28,14.047251055184088,normalized_mse,C,94
natural,0.831305341490422,0.8103316468814766,1,28,0.8208425655160149,perp_score,C,100
natural,1.308568327432959,1.2290524711107929,1,32,1.2681023197217545,cos_score,C,100
natural,0.6914140669502804,0.6089775824111716,1,32,0.648080906951256,normalized_mse,C,100
natural,1.8858202931284604,1.5145760231765988,2,32,1.680594642019896,normalized_mse,C,100
natural,3.7445251513414792,3.1653461554330784,3,32,3.4448776766265863,normalized_mse,C,98
natural,10.164096885965867,8.461227956575987,5,32,9.281207784364133,normalized_mse,C,94
natural,0.7724204649554692,0.7460429727497252,1,32,0.759086755362316,perp_score,C,100
natural,1.035926655853943,1.0333758376677173,0,-1,1.0346540655655776,layer_smoothness,base,492
natural,1.4903107577618646,1.46753074862101,1,4,1.4789430136608201,cos_score,base,492
natural,3.0583565585933132,2.887512547753603,1,4,2.9740919698570885,normalized_mse,base,492
natural,6.4574457224538335,6.176131339818908,2,4,6.319485825585294,normalized_mse,base,492
natural,13.682079896302753,13.016401812168782,3,4,13.35050862797856,normalized_mse,base,486
natural,33.926933346319885,32.34164421822735,5,4,33.143162500056015,normalized_mse,base,466
natural,0.8281356250974674,0.8185578426128652,1,4,0.8233552463296463,perp_score,base,492
natural,1.4863525476885795,1.471922758150444,1,8,1.4792009330217821,cos_score,base,492
natural,3.3950938747924484,3.2795276751857396,1,8,3.3380446311020324,normalized_mse,base,492
natural,7.7782901571036795,7.571644412492163,2,8,7.677521221066777,normalized_mse,base,492
natural,15.809188450684093,15.339665387617476,3,8,15.575267868963849,normalized_mse,base,486
natural,39.07429865155667,37.93956229962627,5,8,38.51823780906439,normalized_mse,base,466
natural,0.841322799741325,0.8356988980337839,1,8,0.8385441199482497,perp_score,base,492
natural,1.480403839987115,1.467752693598804,1,12,1.4741204102234762,cos_score,base,492
natural,3.399449042615743,3.3031302857125806,1,12,3.351785867597469,normalized_mse,base,492
natural,7.899813580241752,7.73317543670426,2,12,7.817131199544589,normalized_mse,base,492
natural,15.838690236572974,15.467714429816027,3,12,15.652265362776413,normalized_mse,base,486
natural,38.924340330423206,38.00147602191519,5,12,38.467041842171234,normalized_mse,base,466
natural,0.8421354998247037,0.8372265662262608,1,12,0.83970825812537,perp_score,base,492
natural,1.474098592225326,1.4593798557820912,1,16,1.4667889307857835,cos_score,base,492
natural,2.8995891452199696,2.811139371503189,1,16,2.8554969476873833,normalized_mse,base,492
natural,6.761341805846114,6.61079090301776,2,16,6.6863079314214,normalized_mse,base,492
natural,13.824473651283991,13.486064591133513,3,16,13.651867586697344,normalized_mse,base,486
natural,34.51607495301669,33.629625574956634,5,16,34.076816473358484,normalized_mse,base,466
natural,0.8344898957683881,0.8282330682133208,1,16,0.831405204157835,perp_score,base,492
natural,1.4773593960936353,1.4579547070920365,1,20,1.4677506702984904,cos_score,base,492
natural,2.5614830580643213,2.4590548109119776,1,20,2.510806376273363,normalized_mse,base,492
natural,5.816504139509844,5.650056100809692,2,20,5.73384577895409,normalized_mse,base,492
natural,12.220630326275765,11.832825285658021,3,20,12.022184933683134,normalized_mse,base,486
natural,30.854966173493633,29.83925695558756,5,20,30.354093902904914,normalized_mse,base,466
natural,0.8290354952454658,0.8209320287099263,1,20,0.8250113756562018,perp_score,base,492
natural,1.4788412151569914,1.4577547951331815,1,24,1.4684016837524254,cos_score,base,492
natural,2.174353651655489,2.078369511576826,1,24,2.127033370405751,normalized_mse,base,492
natural,4.903293898480643,4.7462767889062585,2,24,4.824424097585808,normalized_mse,base,492
natural,10.438804859104357,10.054984872824955,3,24,10.241825457792885,normalized_mse,base,486
natural,26.59964151255323,25.566870853219665,5,24,26.0913446016944,normalized_mse,base,466
natural,0.826727164403627,0.8180280106343398,1,24,0.8224226773280572,perp_score,base,492
natural,1.4685502278294178,1.4469737033776076,1,28,1.457825939616591,cos_score,base,492
natural,1.9519167183806312,1.867572163936197,1,28,1.9103785727622433,normalized_mse,base,492
natural,4.384582635590237,4.245615884227212,2,28,4.314693597127013,normalized_mse,base,492
natural,9.223610776969517,8.896177808675816,3,28,9.056148363131678,normalized_mse,base,486
natural,23.34458432782182,22.47036489322343,5,28,22.910354897371505,normalized_mse,base,466
natural,0.8247334601442395,0.8159306163090404,1,28,0.820356612189879,perp_score,base,492
natural,1.4587783724174948,1.436783231018197,1,32,1.4477938880700598,cos_score,base,492
natural,1.6460475778436168,1.5785674514105061,1,32,1.6124564033782482,normalized_mse,base,492
natural,3.739347998318753,3.5946580384214366,2,32,3.6665288725756855,normalized_mse,base,492
natural,7.727832785560468,7.419381565611703,3,32,7.570596939186148,normalized_mse,base,486
natural,19.416240205803163,18.60187787192944,5,32,19.00509128963782,normalized_mse,base,466
natural,0.8217358411046964,0.8127878255020213,1,32,0.8172697750154293,perp_score,base,492
